run_id,sl.params.stop_pct,tp.params.target_r_multiple,total_trades,trades_per_year,net_profit,profit_factor,expectancy_r,max_drawdown,max_drawdown_pct,cagr,mar,win_rate,apex_rule_violations,apex_forced_flatten_trades,profitable,worst_day,best_day_concentration,consecutive_losses,benchmark_passed,failure_reason
1,0.00075,0.5,80,52.842510310598946,-2943.75,0.10592255125284739,-0.59375,2957.5,0.019716666666666667,-0.013006491048371371,-0.6596698756570434,0.425,0,0,False,-80.0,0.0,9,False,min_total_net_profit;max_consecutive_losses
2,0.00075,0.75,80,52.842510310598946,-3171.875,0.16857798165137614,-0.640625,3201.25,0.021341666666666665,-0.014018097431762966,-0.6568417383098618,0.3375,0,0,False,-80.0,0.0,9,False,min_total_net_profit;max_consecutive_losses
3,0.00075,1.0,80,52.842510310598946,-3225.0,0.212934716290421,-0.65625,3280.0,0.021866666666666666,-0.0142537535732149,-0.6518484865799498,0.2875,0,0,False,-80.0,0.0,10,False,min_total_net_profit;max_consecutive_losses
4,0.001,0.5,80,52.842510310598946,-3025.0,0.19279519679786525,-0.46125000000000005,3045.0,0.0203,-0.01336672809140782,-0.6584595118920109,0.475,0,0,False,-92.5,0.0,5,False,min_total_net_profit
5,0.001,0.75,80,52.842510310598946,-3621.875,0.2227736051502146,-0.56125,3684.375,0.0245625,-0.016015160730765476,-0.6520167218632255,0.35,0,0,False,-92.5,0.0,6,False,min_total_net_profit
6,0.001,1.0,80,52.842510310598946,-3112.5,0.3320815450643777,-0.47375000000000006,3250.0,0.021666666666666667,-0.013754751288443723,-0.6348346748512487,0.35,0,0,False,-92.5,0.0,6,False,min_total_net_profit
7,0.00125,0.5,80,52.842510310598946,-3637.5,0.20404814004376368,-0.4699404761904761,3670.0,0.024466666666666668,-0.016084540615820986,-0.6574062921997678,0.45,0,0,False,-117.5,0.0,4,False,min_total_net_profit
8,0.00125,0.75,80,52.842510310598946,-3293.75,0.32401231400718317,-0.4230654761904762,3387.5,0.022583333333333334,-0.014558763331001368,-0.6446684869816104,0.4125,0,0,False,-117.5,0.0,5,False,min_total_net_profit
9,0.00125,1.0,80,52.842510310598946,-2750.0,0.44751381215469616,-0.34494047619047613,2937.5,0.019583333333333335,-0.012147736797424202,-0.620309964123789,0.4,0,0,False,-117.5,0.0,5,False,min_total_net_profit
