timestamp,campaign_id,variant_id,instrument,timeframe,edge,variant_mechanic,parameter_space,data_scope,config_path,report_path,stage,result,decision,failure_reason,rescue_attempt
2026-07-20T12:19:43.644106+00:00,yush_orderflow_range,,ES,1m,"During balanced ES morning auctions, a retest of a developing value-area edge that overlaps a prior liquidity reference and then attracts fresh one-sided trade activity may reverse toward fair value.",Studio campaign published with one frozen initial mechanic,declared in the current immutable variant config,es_databento_trade_events_20250714_20260610_0930_1100_ny,research/campaigns/active/yush_orderflow_range/campaign.yaml,,stage_1,planned,TEST,,none
2026-07-20T12:19:43.644106+00:00,yush_orderflow_range,v01,ES,1m,"During balanced ES morning auctions, a retest of a developing value-area edge that overlaps a prior liquidity reference and then attracts fresh one-sided trade activity may reverse toward fair value.","Build a causal AOI around developing VAL or VAH plus the strongest available market, local-delta, and large-trade categories; require a prior reversal, a fresh directed tap, and a new post-tap trigger.",1 predeclared combination(s),es_databento_trade_events_20250714_20260610_0930_1100_ny,research/campaigns/active/yush_orderflow_range/variants/v01/config.yaml,,stage_1,planned,TEST,,none
2026-07-22T07:37:26.419133+00:00,yush_orderflow_range,v01,ES,1m,"During balanced ES morning auctions, a retest of a developing value-area edge that overlaps a prior liquidity reference and then attracts fresh one-sided trade activity may reverse toward fair value.","Explicit pre_pnl_parameter_declaration from original; reviewed reason: Predeclare the user-reviewed 100-combination parameter space before any performance evidence: tune only AOI width, entry offset, and structural stop offset while every other reviewed mechanic remains fixed at its default.",frozen in follow-up strategy_spec.yaml,es_databento_trade_events_20250714_20260610_0930_1100_ny,research/campaigns/active/yush_orderflow_range/follow_up_attempts/pre_pnl_parameter_declaration_20260722t073725_983024c1/v01/config.yaml,,follow_up_attempt/pre_pnl_parameter_declaration_20260722t073725_983024c1,planned,TEST,,none
2026-07-23T08:57:50.804351+00:00,yush_orderflow_range,v01,ES,1m,"During balanced ES morning auctions, a retest of a developing value-area edge that overlaps a prior liquidity reference and then attracts fresh one-sided trade activity may reverse toward fair value.",Explicit data_refresh from pre_pnl_parameter_declaration_20260722t073725_983024c1; reviewed reason: Replace the one-year Databento event source atomically with the governed Sierra 09:30-11:00 event history and corrected Databento completed-OHLC market levels after full-session source audit and fixed-default concordance.,frozen in follow-up strategy_spec.yaml,es_sierra_yush_events_20110815_20260529_0930_1100_ny,research/campaigns/active/yush_orderflow_range/follow_up_attempts/data_refresh_20260723t085749_947bc003/v01/config.yaml,,follow_up_attempt/data_refresh_20260723t085749_947bc003,planned,TEST,,none
2026-07-23T09:01:24.319028+00:00,yush_orderflow_range,v01,ES,1m,"During balanced ES morning auctions, a retest of a developing value-area edge that overlaps a prior liquidity reference and then attracts fresh one-sided trade activity may reverse toward fair value.","Explicit methodology_rerun from data_refresh_20260723t085749_947bc003; reviewed reason: Retry mechanics evidence generation after fixing Studio worker project-root hash observation; no strategy, parameter, or dataset changes.",frozen in follow-up strategy_spec.yaml,es_sierra_yush_events_20110815_20260529_0930_1100_ny,research/campaigns/active/yush_orderflow_range/follow_up_attempts/methodology_rerun_20260723t090124_5ae4a642/v01/config.yaml,,follow_up_attempt/methodology_rerun_20260723t090124_5ae4a642,planned,TEST,,none
2026-07-23T11:19:49.508601+00:00,yush_orderflow_range,v01,ES,1m,"During balanced ES morning auctions, a retest of a developing value-area edge that overlaps a prior liquidity reference and then attracts fresh one-sided trade activity may reverse toward fair value.","Explicit methodology_rerun from methodology_rerun_20260723t090124_5ae4a642; reviewed reason: Operational retry after replacing misleading session-boundary mechanics progress with hash-neutral intra-session event progress; strategy, parameters, and dataset are unchanged.",frozen in follow-up strategy_spec.yaml,es_sierra_yush_events_20110815_20260529_0930_1100_ny,research/campaigns/active/yush_orderflow_range/follow_up_attempts/methodology_rerun_20260723t111949_d3799fca/v01/config.yaml,,follow_up_attempt/methodology_rerun_20260723t111949_d3799fca,planned,TEST,,none
2026-07-24T03:37:34.672811+00:00,yush_orderflow_range,v01,ES,1m,"During balanced ES morning auctions, a retest of a developing value-area edge that overlaps a prior liquidity reference and then attracts fresh one-sided trade activity may reverse toward fair value.","Explicit pre_pnl_mechanics_correction from methodology_rerun_20260723t111949_d3799fca; reviewed reason: Replace per-event combinatorial AOI ranking with the reviewed deterministic 100 ms local category-cluster mechanic, while preserving the declared economic edge, fixed defaults, tunable grid, execution rules, and pre-PnL status. This also publishes certified implementation v6 and requires fresh manual mechanics approval.",frozen in follow-up strategy_spec.yaml,es_sierra_yush_events_20110815_20260529_0930_1100_ny,research/campaigns/active/yush_orderflow_range/follow_up_attempts/pre_pnl_mechanics_correction_20260724t033734_2614776c/v01/config.yaml,,follow_up_attempt/pre_pnl_mechanics_correction_20260724t033734_2614776c,planned,TEST,,none
2026-07-24T03:39:33.436125+00:00,yush_orderflow_range,v01,ES,1m,"During balanced ES morning auctions, a retest of a developing value-area edge that overlaps a prior liquidity reference and then attracts fresh one-sided trade activity may reverse toward fair value.","Explicit pre_pnl_mechanics_correction from pre_pnl_mechanics_correction_20260724t033734_2614776c; reviewed reason: Publish certified implementation v7 after hardening the immutable replay cache so equivalent pre-PnL attempts reuse outputs only when strategy, execution, fill, session, certification, and input-data identities match. Strategy mechanics, defaults, and the declared 100-combination parameter grid are unchanged from the reviewed v6 correction; fresh mechanics approval remains mandatory.",frozen in follow-up strategy_spec.yaml,es_sierra_yush_events_20110815_20260529_0930_1100_ny,research/campaigns/active/yush_orderflow_range/follow_up_attempts/pre_pnl_mechanics_correction_20260724t033933_31dafc21/v01/config.yaml,,follow_up_attempt/pre_pnl_mechanics_correction_20260724t033933_31dafc21,planned,TEST,,none
2026-07-24T03:41:17.765547+00:00,yush_orderflow_range,v01,ES,1m,"During balanced ES morning auctions, a retest of a developing value-area edge that overlaps a prior liquidity reference and then attracts fresh one-sided trade activity may reverse toward fair value.","Explicit pre_pnl_mechanics_correction from pre_pnl_mechanics_correction_20260724t033933_31dafc21; reviewed reason: Publish certified implementation v8 after the mechanics evidence gate identified and engineering corrected parallel-session trade-ID lineage. The deterministic merge now applies each global trade ID consistently to the trade log and its entry, amendment, and close transitions. Strategy mechanics, defaults, and parameter grid remain unchanged; fresh mechanics approval is required.",frozen in follow-up strategy_spec.yaml,es_sierra_yush_events_20110815_20260529_0930_1100_ny,research/campaigns/active/yush_orderflow_range/follow_up_attempts/pre_pnl_mechanics_correction_20260724t034117_1195e339/v01/config.yaml,,follow_up_attempt/pre_pnl_mechanics_correction_20260724t034117_1195e339,planned,TEST,,none
2026-07-24T05:06:54.678983+00:00,yush_orderflow_range,v01,ES,1m,"During balanced ES morning auctions, a retest of a developing value-area edge that overlaps a prior liquidity reference and then attracts fresh one-sided trade activity may reverse toward fair value.",Explicit data_refresh from pre_pnl_mechanics_correction_20260724t034117_1195e339; reviewed reason: Admit inversion-only Sierra sessions at or below 0.2 percent using stored-source-order timestamp clamping; no date blackout for qualifying inversions.,frozen in follow-up strategy_spec.yaml,es_sierra_yush_events_20110815_20260529_0930_1100_ny_inv02,research/campaigns/active/yush_orderflow_range/follow_up_attempts/data_refresh_20260724t050654_92ca2135/v01/config.yaml,,follow_up_attempt/data_refresh_20260724t050654_92ca2135,planned,TEST,,none
2026-07-24T05:19:06.722829+00:00,yush_orderflow_range,v01,ES,1m,"During balanced ES morning auctions, a retest of a developing value-area edge that overlaps a prior liquidity reference and then attracts fresh one-sided trade activity may reverse toward fair value.","Explicit methodology_rerun from data_refresh_20260724t050654_92ca2135; reviewed reason: Move mechanics validation to the latest complete governed 2026 two-week window so manual chart review uses recent market conditions without changing strategy mechanics, parameters, or performance-test windows.",frozen in follow-up strategy_spec.yaml,es_sierra_yush_events_20110815_20260529_0930_1100_ny_inv02,research/campaigns/active/yush_orderflow_range/follow_up_attempts/methodology_rerun_20260724t051906_2c6d9e95/v01/config.yaml,,follow_up_attempt/methodology_rerun_20260724t051906_2c6d9e95,planned,TEST,,none
2026-07-24T08:34:38.109577+00:00,yush_orderflow_range,v01,ES,1m,yush_orderflow_range,entry=yush_orderflow_range; stop=event_aoi_structural_stop; target=event_value_area_management,"{""event.params.entry_offset_ticks"": [0, 1, 2, 3, 4], ""event.params.max_aoi_width_points"": [3, 4, 5, 6], ""event.params.stop_offset_ticks"": [0, 1, 2, 3, 4]}",{},research/campaigns/active/yush_orderflow_range/follow_up_attempts/methodology_rerun_20260724t051906_2c6d9e95/v01/config.yaml,research/evidence/runs/yush_orderflow_range/v01/ES/attempt_methodology_rerun_20260724t051906_2c6d9e95/studio_incomplete_attempt.json,incomplete_studio_attempt,NEEDS MANUAL REVIEW,MANUAL_REVIEW_REQUIRED,worker heartbeat expired; automatic replay is forbidden,methodology_rerun
2026-07-24T08:56:46.984655+00:00,yush_orderflow_range,v01,ES,1m,"During balanced ES morning auctions, a retest of a developing value-area edge that overlaps a prior liquidity reference and then attracts fresh one-sided trade activity may reverse toward fair value.","Explicit replication from methodology_rerun_20260724t051906_2c6d9e95; reviewed reason: Re-run the unchanged frozen attempt because the prior Campaign Variant Run was interrupted by a Studio restart before scientific finalization; no strategy mechanics, parameters, data, methodology, or observed PnL are being changed.",frozen in follow-up strategy_spec.yaml,es_sierra_yush_events_20110815_20260529_0930_1100_ny_inv02,research/campaigns/active/yush_orderflow_range/follow_up_attempts/replication_20260724t085646_52eda5f1/v01/config.yaml,,follow_up_attempt/replication_20260724t085646_52eda5f1,planned,TEST,,none
2026-07-24T18:21:06.751523+00:00,yush_orderflow_range,v01,ES,1m,yush_orderflow_range,entry=yush_orderflow_range; stop=event_aoi_structural_stop; target=event_value_area_management,"{""event.params.entry_offset_ticks"": [0, 1, 2, 3, 4], ""event.params.max_aoi_width_points"": [3, 4, 5, 6], ""event.params.stop_offset_ticks"": [0, 1, 2, 3, 4]}",{},research/campaigns/active/yush_orderflow_range/follow_up_attempts/replication_20260724t085646_52eda5f1/v01/config.yaml,research/evidence/runs/yush_orderflow_range/v01/ES/attempt_replication_20260724t085646_52eda5f1/reporting_v2/result_bundle_v2.json,full_staged_methodology,NEEDS MANUAL REVIEW,MANUAL_REVIEW_REQUIRED,criterion actual value is undefined,replication
2026-07-24T23:27:08.711771+00:00,yush_orderflow_range,v01,ES,1m,"During balanced ES morning auctions, a retest of a developing value-area edge that overlaps a prior liquidity reference and then attracts fresh one-sided trade activity may reverse toward fair value.","Explicit pre_pnl_mechanics_correction from data_refresh_20260724t050654_92ca2135; reviewed reason: Refresh v01 to certified implementation v10 after result-invariant runner and cache engineering changes. Strategy mechanics, defaults, parameter grid, and data methodology remain unchanged.",frozen in follow-up strategy_spec.yaml,es_sierra_yush_events_20110815_20260529_0930_1100_ny_inv02,research/campaigns/active/yush_orderflow_range/follow_up_attempts/pre_pnl_mechanics_correction_20260724t232708_05b143f0/v01/config.yaml,,follow_up_attempt/pre_pnl_mechanics_correction_20260724t232708_05b143f0,planned,TEST,,none
2026-07-24T23:54:03.303624+00:00,yush_orderflow_range,v01,ES,1m,"During balanced ES morning auctions, a retest of a developing value-area edge that overlaps a prior liquidity reference and then attracts fresh one-sided trade activity may reverse toward fair value.","Explicit methodology_rerun from pre_pnl_mechanics_correction_20260724t232708_05b143f0; reviewed reason: Understood. For yush_orderflow_range, use 2026-05-15 through 2026-05-29 for every mechanics-validation run. This is the latest complete permitted 14-day window in the Sierra dataset. Because the v10 certification refresh must use parent data_refresh_20260724t050654_92ca2135, which still contains a 2011 validation window: Create the v10 certification-refresh attempt. Do not run mechanics validation on that intermediate attempt. Create a Methodology rerun from the new v10 attempt. Set:Start: 2026-05-15 End: 2026-05-29 Run mechanics validation and approve that methodology-rerun attempt. This preserves immutable lineage while ensuring no future mechanics review uses the old 2011 dates. Full-suite performance windows remain unchanged.",frozen in follow-up strategy_spec.yaml,es_sierra_yush_events_20110815_20260529_0930_1100_ny_inv02,research/campaigns/active/yush_orderflow_range/follow_up_attempts/methodology_rerun_20260724t235402_2dcd5ba7/v01/config.yaml,,follow_up_attempt/methodology_rerun_20260724t235402_2dcd5ba7,planned,TEST,,none
2026-07-25T00:31:58.771681+00:00,yush_orderflow_range,v01,ES,1m,"During balanced ES morning auctions, a retest of a developing value-area edge that overlaps a prior liquidity reference and then attracts fresh one-sided trade activity may reverse toward fair value.","Explicit replication from methodology_rerun_20260724t235402_2dcd5ba7; reviewed reason: The existing job cannot adopt three-worker execution mid-run. Activating it would require cancelling this attempt, restarting Studio, creating an exact replication, completing its mechanics approval, and running again.",frozen in follow-up strategy_spec.yaml,es_sierra_yush_events_20110815_20260529_0930_1100_ny_inv02,research/campaigns/active/yush_orderflow_range/follow_up_attempts/replication_20260725t003158_ea3ccdd7/v01/config.yaml,,follow_up_attempt/replication_20260725t003158_ea3ccdd7,planned,TEST,,none
2026-07-25T00:35:31.552144+00:00,yush_orderflow_range,v01,ES,1m,yush_orderflow_range,entry=yush_orderflow_range; stop=event_aoi_structural_stop; target=event_value_area_management,"{""event.params.entry_offset_ticks"": [0, 1, 2, 3, 4], ""event.params.max_aoi_width_points"": [3, 4, 5, 6], ""event.params.stop_offset_ticks"": [0, 1, 2, 3, 4]}",{},research/campaigns/active/yush_orderflow_range/follow_up_attempts/methodology_rerun_20260724t235402_2dcd5ba7/v01/config.yaml,research/evidence/runs/yush_orderflow_range/v01/ES/attempt_methodology_rerun_20260724t235402_2dcd5ba7/studio_incomplete_attempt.json,incomplete_studio_attempt,NEEDS MANUAL REVIEW,MANUAL_REVIEW_REQUIRED,worker heartbeat expired after attempt reservation,methodology_rerun
2026-07-25T01:25:38.302116+00:00,yush_orderflow_range,v01,ES,1m,"During balanced ES morning auctions, a retest of a developing value-area edge that overlaps a prior liquidity reference and then attracts fresh one-sided trade activity may reverse toward fair value.","Explicit replication from replication_20260725t003158_ea3ccdd7; reviewed reason: Operational exact replication of the unchanged frozen v01 specification. The parent attempt began before the corrected per-configuration progress and worker-telemetry implementation was loaded and cannot adopt it during execution. This replication changes only result-invariant orchestration and observability. Strategy mechanics, certified implementation, fixed defaults, parameter grid, dataset, test windows, transaction costs, fill assumptions, random seeds, scientific gates, and acceptance criteria remain unchanged. The replication is not motivated by observed performance, and no parent-attempt results were used to alter the research specification. Serial/parallel equivalence tests confirm that the revised scheduling produces identical scientific outputs.",frozen in follow-up strategy_spec.yaml,es_sierra_yush_events_20110815_20260529_0930_1100_ny_inv02,research/campaigns/active/yush_orderflow_range/follow_up_attempts/replication_20260725t012537_78735224/v01/config.yaml,,follow_up_attempt/replication_20260725t012537_78735224,planned,TEST,,none
2026-07-25T01:27:41.464601+00:00,yush_orderflow_range,v01,ES,1m,yush_orderflow_range,entry=yush_orderflow_range; stop=event_aoi_structural_stop; target=event_value_area_management,"{""event.params.entry_offset_ticks"": [0, 1, 2, 3, 4], ""event.params.max_aoi_width_points"": [3, 4, 5, 6], ""event.params.stop_offset_ticks"": [0, 1, 2, 3, 4]}",{},research/campaigns/active/yush_orderflow_range/follow_up_attempts/replication_20260725t003158_ea3ccdd7/v01/config.yaml,research/evidence/runs/yush_orderflow_range/v01/ES/attempt_replication_20260725t003158_ea3ccdd7/studio_incomplete_attempt.json,incomplete_studio_attempt,NEEDS MANUAL REVIEW,MANUAL_REVIEW_REQUIRED,worker heartbeat expired after attempt reservation,replication
2026-07-25T18:27:01.678031+00:00,yush_orderflow_range,v01,ES,1m,yush_orderflow_range,entry=yush_orderflow_range; stop=event_aoi_structural_stop; target=event_value_area_management,"{""event.params.entry_offset_ticks"": [0, 1, 2, 3, 4], ""event.params.max_aoi_width_points"": [3, 4, 5, 6], ""event.params.stop_offset_ticks"": [0, 1, 2, 3, 4]}",{},research/campaigns/active/yush_orderflow_range/follow_up_attempts/replication_20260725t012537_78735224/v01/config.yaml,research/evidence/runs/yush_orderflow_range/v01/ES/attempt_replication_20260725t012537_78735224/reporting_v2/result_bundle_v2.json,full_staged_methodology,FAIL,REJECT,actual 0.09 did not meet required >= 0.7,replication
2026-07-26T04:33:47.291936+00:00,yush_orderflow_range,v02,ES,1m,"During balanced ES morning auctions, a retest of a developing value-area edge that overlaps a prior liquidity reference and then attracts fresh one-sided trade activity may reverse toward fair value.","Express the same absorption-to-fair-value hypothesis through a failed auction rather than a repeated AOI tap. Freeze the causal developing value boundary, nearby known reference, and POC before the excursion; require directed aggression outside value to fail and price to reclaim the boundary before considering an entry.",27 predeclared combination(s),es_sierra_yush_events_20110815_20260529_0930_1100_ny_inv02,research/campaigns/active/yush_orderflow_range/variants/v02/config.yaml,,stage_1,planned,TEST,,none
2026-07-26T07:15:18.096525+00:00,yush_orderflow_range,v01,ES,1m,"During balanced ES morning auctions, a retest of a developing value-area edge that overlaps a prior liquidity reference and then attracts fresh one-sided trade activity may reverse toward fair value.",Explicit pre_pnl_mechanics_correction from original; reviewed reason: Correct the certified v02 reclaim detector so a causal path through the frozen boundary before reaching one tick inside is recognized exactly as specified; no thresholds or performance evidence were used.,frozen in follow-up strategy_spec.yaml,es_databento_trade_events_20250714_20260610_0930_1100_ny,research/campaigns/active/yush_orderflow_range/follow_up_attempts/pre_pnl_mechanics_correction_20260726t071516_0ed02394/v01/config.yaml,,follow_up_attempt/pre_pnl_mechanics_correction_20260726t071516_0ed02394,planned,TEST,,none
2026-07-26T07:15:18.096525+00:00,yush_orderflow_range,v02,ES,1m,"During balanced ES morning auctions, a retest of a developing value-area edge that overlaps a prior liquidity reference and then attracts fresh one-sided trade activity may reverse toward fair value.",Explicit pre_pnl_mechanics_correction from original; reviewed reason: Correct the certified v02 reclaim detector so a causal path through the frozen boundary before reaching one tick inside is recognized exactly as specified; no thresholds or performance evidence were used.,frozen in follow-up strategy_spec.yaml,es_sierra_yush_events_20110815_20260529_0930_1100_ny_inv02,research/campaigns/active/yush_orderflow_range/follow_up_attempts/pre_pnl_mechanics_correction_20260726t071516_0ed02394/v02/config.yaml,,follow_up_attempt/pre_pnl_mechanics_correction_20260726t071516_0ed02394,planned,TEST,,none
2026-07-26T07:16:42.103599+00:00,yush_orderflow_range,v01,ES,1m,"During balanced ES morning auctions, a retest of a developing value-area edge that overlaps a prior liquidity reference and then attracts fresh one-sided trade activity may reverse toward fair value.","Explicit pre_pnl_mechanics_correction from pre_pnl_mechanics_correction_20260726t071516_0ed02394; reviewed reason: The corrected ten-session v02 replay produced 137 causal episodes but only one reclaim; apply the predeclared two-tick excursion and thirty-second reclaim-window grid values to obtain reviewable mechanics samples without changing aggression, risk, target, costs, or using PnL.",frozen in follow-up strategy_spec.yaml,es_databento_trade_events_20250714_20260610_0930_1100_ny,research/campaigns/active/yush_orderflow_range/follow_up_attempts/pre_pnl_mechanics_correction_20260726t071640_e8d0ffba/v01/config.yaml,,follow_up_attempt/pre_pnl_mechanics_correction_20260726t071640_e8d0ffba,planned,TEST,,none
2026-07-26T07:16:42.103599+00:00,yush_orderflow_range,v02,ES,1m,"During balanced ES morning auctions, a retest of a developing value-area edge that overlaps a prior liquidity reference and then attracts fresh one-sided trade activity may reverse toward fair value.","Explicit pre_pnl_mechanics_correction from pre_pnl_mechanics_correction_20260726t071516_0ed02394; reviewed reason: The corrected ten-session v02 replay produced 137 causal episodes but only one reclaim; apply the predeclared two-tick excursion and thirty-second reclaim-window grid values to obtain reviewable mechanics samples without changing aggression, risk, target, costs, or using PnL.",frozen in follow-up strategy_spec.yaml,es_sierra_yush_events_20110815_20260529_0930_1100_ny_inv02,research/campaigns/active/yush_orderflow_range/follow_up_attempts/pre_pnl_mechanics_correction_20260726t071640_e8d0ffba/v02/config.yaml,,follow_up_attempt/pre_pnl_mechanics_correction_20260726t071640_e8d0ffba,planned,TEST,,none
2026-07-26T07:19:24.526431+00:00,yush_orderflow_range,v01,ES,1m,"During balanced ES morning auctions, a retest of a developing value-area edge that overlaps a prior liquidity reference and then attracts fresh one-sided trade activity may reverse toward fair value.","Explicit pre_pnl_mechanics_correction from pre_pnl_mechanics_correction_20260726t071640_e8d0ffba; reviewed reason: Correct v02 to freeze the first causal reclaim event exactly once before applying the reviewed aggression-threshold correction; retain the prior two-tick excursion and thirty-second window, and require fresh certification and mechanics approval.",frozen in follow-up strategy_spec.yaml,es_databento_trade_events_20250714_20260610_0930_1100_ny,research/campaigns/active/yush_orderflow_range/follow_up_attempts/pre_pnl_mechanics_correction_20260726t071923_c676f368/v01/config.yaml,,follow_up_attempt/pre_pnl_mechanics_correction_20260726t071923_c676f368,planned,TEST,,none
2026-07-26T07:19:24.526431+00:00,yush_orderflow_range,v02,ES,1m,"During balanced ES morning auctions, a retest of a developing value-area edge that overlaps a prior liquidity reference and then attracts fresh one-sided trade activity may reverse toward fair value.","Explicit pre_pnl_mechanics_correction from pre_pnl_mechanics_correction_20260726t071640_e8d0ffba; reviewed reason: Correct v02 to freeze the first causal reclaim event exactly once before applying the reviewed aggression-threshold correction; retain the prior two-tick excursion and thirty-second window, and require fresh certification and mechanics approval.",frozen in follow-up strategy_spec.yaml,es_sierra_yush_events_20110815_20260529_0930_1100_ny_inv02,research/campaigns/active/yush_orderflow_range/follow_up_attempts/pre_pnl_mechanics_correction_20260726t071923_c676f368/v02/config.yaml,,follow_up_attempt/pre_pnl_mechanics_correction_20260726t071923_c676f368,planned,TEST,,none
2026-07-26T07:19:35.171677+00:00,yush_orderflow_range,v01,ES,1m,"During balanced ES morning auctions, a retest of a developing value-area edge that overlaps a prior liquidity reference and then attracts fresh one-sided trade activity may reverse toward fair value.","Explicit pre_pnl_mechanics_correction from pre_pnl_mechanics_correction_20260726t071923_c676f368; reviewed reason: The frequency-only ten-session diagnostic produced four trades at 100-delta and seven at 50-delta while inspecting no PnL; freeze delta thresholds at 50 and the 100-millisecond big-trade threshold at 100, retaining every causal, risk, target, and cost rule.",frozen in follow-up strategy_spec.yaml,es_databento_trade_events_20250714_20260610_0930_1100_ny,research/campaigns/active/yush_orderflow_range/follow_up_attempts/pre_pnl_mechanics_correction_20260726t071933_87add86d/v01/config.yaml,,follow_up_attempt/pre_pnl_mechanics_correction_20260726t071933_87add86d,planned,TEST,,none
2026-07-26T07:19:35.171677+00:00,yush_orderflow_range,v02,ES,1m,"During balanced ES morning auctions, a retest of a developing value-area edge that overlaps a prior liquidity reference and then attracts fresh one-sided trade activity may reverse toward fair value.","Explicit pre_pnl_mechanics_correction from pre_pnl_mechanics_correction_20260726t071923_c676f368; reviewed reason: The frequency-only ten-session diagnostic produced four trades at 100-delta and seven at 50-delta while inspecting no PnL; freeze delta thresholds at 50 and the 100-millisecond big-trade threshold at 100, retaining every causal, risk, target, and cost rule.",frozen in follow-up strategy_spec.yaml,es_sierra_yush_events_20110815_20260529_0930_1100_ny_inv02,research/campaigns/active/yush_orderflow_range/follow_up_attempts/pre_pnl_mechanics_correction_20260726t071933_87add86d/v02/config.yaml,,follow_up_attempt/pre_pnl_mechanics_correction_20260726t071933_87add86d,planned,TEST,,none
2026-07-26T15:23:33.475637+00:00,yush_orderflow_range,v01,ES,1m,"During balanced ES morning auctions, a retest of a developing value-area edge that overlaps a prior liquidity reference and then attracts fresh one-sided trade activity may reverse toward fair value.","Explicit pre_pnl_mechanics_correction from pre_pnl_mechanics_correction_20260726t071933_87add86d; reviewed reason: Remove two unsupported inherited v02 criteria before any PnL test: retire the no-op delta_profile_min_abs parameter and exclude 32-second opening-range references because the frozen economic edge declares only prior-session and overnight references. Retain the core failed-auction, aggression, reclaim, causal fill, risk, cost, and forced-flatten rules.",frozen in follow-up strategy_spec.yaml,es_databento_trade_events_20250714_20260610_0930_1100_ny,research/campaigns/active/yush_orderflow_range/follow_up_attempts/pre_pnl_mechanics_correction_20260726t152332_91b8b8d7/v01/config.yaml,,follow_up_attempt/pre_pnl_mechanics_correction_20260726t152332_91b8b8d7,planned,TEST,,none
2026-07-26T15:23:33.475637+00:00,yush_orderflow_range,v02,ES,1m,"During balanced ES morning auctions, a retest of a developing value-area edge that overlaps a prior liquidity reference and then attracts fresh one-sided trade activity may reverse toward fair value.","Explicit pre_pnl_mechanics_correction from pre_pnl_mechanics_correction_20260726t071933_87add86d; reviewed reason: Remove two unsupported inherited v02 criteria before any PnL test: retire the no-op delta_profile_min_abs parameter and exclude 32-second opening-range references because the frozen economic edge declares only prior-session and overnight references. Retain the core failed-auction, aggression, reclaim, causal fill, risk, cost, and forced-flatten rules.",frozen in follow-up strategy_spec.yaml,es_sierra_yush_events_20110815_20260529_0930_1100_ny_inv02,research/campaigns/active/yush_orderflow_range/follow_up_attempts/pre_pnl_mechanics_correction_20260726t152332_91b8b8d7/v02/config.yaml,,follow_up_attempt/pre_pnl_mechanics_correction_20260726t152332_91b8b8d7,planned,TEST,,none
2026-07-27T00:45:20.714700+00:00,yush_orderflow_range,v01,ES,1m,"During balanced ES morning auctions, a retest of a developing value-area edge that overlaps a prior liquidity reference and then attracts fresh one-sided trade activity may reverse toward fair value.","Explicit pre_pnl_mechanics_correction from pre_pnl_mechanics_correction_20260726t152332_91b8b8d7; reviewed reason: Replace fixed absolute delta=50 and big-trade=100 aggression thresholds with causal within-session nearest-rank percentiles: 90th percentile of completed earlier 3-minute/four-tick absolute delta and 99.5th percentile of completed earlier 100ms same-price/same-side volume. Exclude the current event and active aggregation windows, freeze thresholds at episode start, and make no PnL-based adjustment.",frozen in follow-up strategy_spec.yaml,es_databento_trade_events_20250714_20260610_0930_1100_ny,research/campaigns/active/yush_orderflow_range/follow_up_attempts/pre_pnl_mechanics_correction_20260727t004519_d652a4d1/v01/config.yaml,,follow_up_attempt/pre_pnl_mechanics_correction_20260727t004519_d652a4d1,planned,TEST,,none
2026-07-27T00:45:20.714700+00:00,yush_orderflow_range,v02,ES,1m,"During balanced ES morning auctions, a retest of a developing value-area edge that overlaps a prior liquidity reference and then attracts fresh one-sided trade activity may reverse toward fair value.","Explicit pre_pnl_mechanics_correction from pre_pnl_mechanics_correction_20260726t152332_91b8b8d7; reviewed reason: Replace fixed absolute delta=50 and big-trade=100 aggression thresholds with causal within-session nearest-rank percentiles: 90th percentile of completed earlier 3-minute/four-tick absolute delta and 99.5th percentile of completed earlier 100ms same-price/same-side volume. Exclude the current event and active aggregation windows, freeze thresholds at episode start, and make no PnL-based adjustment.",frozen in follow-up strategy_spec.yaml,es_sierra_yush_events_20110815_20260529_0930_1100_ny_inv02,research/campaigns/active/yush_orderflow_range/follow_up_attempts/pre_pnl_mechanics_correction_20260727t004519_d652a4d1/v02/config.yaml,,follow_up_attempt/pre_pnl_mechanics_correction_20260727t004519_d652a4d1,planned,TEST,,none
2026-07-27T00:51:31.983240+00:00,yush_orderflow_range,v01,ES,1m,"During balanced ES morning auctions, a retest of a developing value-area edge that overlaps a prior liquidity reference and then attracts fresh one-sided trade activity may reverse toward fair value.",Explicit pre_pnl_mechanics_correction from pre_pnl_mechanics_correction_20260727t004519_d652a4d1; reviewed reason: Correct the percentile implementation so standalone mechanics replay maintains the same causal within-session percentile accumulator as the precomputed batched feature-tape path. The v5 evidence exposed zero episodes because only the batched path received percentile thresholds. Add live/prepared parity coverage; do not change the 90th delta or 99.5th big-trade percentile declarations and do not inspect PnL.,frozen in follow-up strategy_spec.yaml,es_databento_trade_events_20250714_20260610_0930_1100_ny,research/campaigns/active/yush_orderflow_range/follow_up_attempts/pre_pnl_mechanics_correction_20260727t005130_c323b63d/v01/config.yaml,,follow_up_attempt/pre_pnl_mechanics_correction_20260727t005130_c323b63d,planned,TEST,,none
2026-07-27T00:51:31.983240+00:00,yush_orderflow_range,v02,ES,1m,"During balanced ES morning auctions, a retest of a developing value-area edge that overlaps a prior liquidity reference and then attracts fresh one-sided trade activity may reverse toward fair value.",Explicit pre_pnl_mechanics_correction from pre_pnl_mechanics_correction_20260727t004519_d652a4d1; reviewed reason: Correct the percentile implementation so standalone mechanics replay maintains the same causal within-session percentile accumulator as the precomputed batched feature-tape path. The v5 evidence exposed zero episodes because only the batched path received percentile thresholds. Add live/prepared parity coverage; do not change the 90th delta or 99.5th big-trade percentile declarations and do not inspect PnL.,frozen in follow-up strategy_spec.yaml,es_sierra_yush_events_20110815_20260529_0930_1100_ny_inv02,research/campaigns/active/yush_orderflow_range/follow_up_attempts/pre_pnl_mechanics_correction_20260727t005130_c323b63d/v02/config.yaml,,follow_up_attempt/pre_pnl_mechanics_correction_20260727t005130_c323b63d,planned,TEST,,none
2026-07-27T02:32:52.282631+00:00,yush_orderflow_range,v01,ES,1m,"During balanced ES morning auctions, a retest of a developing value-area edge that overlaps a prior liquidity reference and then attracts fresh one-sided trade activity may reverse toward fair value.","Explicit pre_pnl_mechanics_correction from pre_pnl_mechanics_correction_20260727t005130_c323b63d; reviewed reason: Correct the causal aggression percentile population exposed by v6 mechanics review. Standalone mechanics replay previously idle-batched raw events that the live percentile accumulator only receives in on_event_start, reducing Trade 1's big-trade reference population from 16,504 to 8,005 and its nominal 99.5th-percentile threshold from 50 to 20. v7 disables idle batching only when the failed-auction percentile feature tape is not prebound; the precomputed batched core-grid lane remains enabled. Live and precomputed replay must agree before evidence is reviewable. No PnL-based adjustment.",frozen in follow-up strategy_spec.yaml,es_databento_trade_events_20250714_20260610_0930_1100_ny,research/campaigns/active/yush_orderflow_range/follow_up_attempts/pre_pnl_mechanics_correction_20260727t023250_739a6e38/v01/config.yaml,,follow_up_attempt/pre_pnl_mechanics_correction_20260727t023250_739a6e38,planned,TEST,,none
2026-07-27T02:32:52.282631+00:00,yush_orderflow_range,v02,ES,1m,"During balanced ES morning auctions, a retest of a developing value-area edge that overlaps a prior liquidity reference and then attracts fresh one-sided trade activity may reverse toward fair value.","Explicit pre_pnl_mechanics_correction from pre_pnl_mechanics_correction_20260727t005130_c323b63d; reviewed reason: Correct the causal aggression percentile population exposed by v6 mechanics review. Standalone mechanics replay previously idle-batched raw events that the live percentile accumulator only receives in on_event_start, reducing Trade 1's big-trade reference population from 16,504 to 8,005 and its nominal 99.5th-percentile threshold from 50 to 20. v7 disables idle batching only when the failed-auction percentile feature tape is not prebound; the precomputed batched core-grid lane remains enabled. Live and precomputed replay must agree before evidence is reviewable. No PnL-based adjustment.",frozen in follow-up strategy_spec.yaml,es_sierra_yush_events_20110815_20260529_0930_1100_ny_inv02,research/campaigns/active/yush_orderflow_range/follow_up_attempts/pre_pnl_mechanics_correction_20260727t023250_739a6e38/v02/config.yaml,,follow_up_attempt/pre_pnl_mechanics_correction_20260727t023250_739a6e38,planned,TEST,,none
2026-07-27T05:53:24.007380+00:00,yush_orderflow_range,v01,ES,1m,"During balanced ES morning auctions, a retest of a developing value-area edge that overlaps a prior liquidity reference and then attracts fresh one-sided trade activity may reverse toward fair value.","Explicit pre_pnl_mechanics_correction from pre_pnl_mechanics_correction_20260727t023250_739a6e38; reviewed reason: Replace the retired v02 failed-auction mechanic before any PnL review with the user-approved v01 AOI lineage, causal ATR14 width, since-open activity-normalized order-flow thresholds, one-tick entry and stop offsets, zero slippage, a 250-dollar price-risk cap, 3.10-dollar round-trip commission, and a frozen midpoint target without breakeven.",frozen in follow-up strategy_spec.yaml,es_databento_trade_events_20250714_20260610_0930_1100_ny,research/campaigns/active/yush_orderflow_range/follow_up_attempts/pre_pnl_mechanics_correction_20260727t055322_7511ec83/v01/config.yaml,,follow_up_attempt/pre_pnl_mechanics_correction_20260727t055322_7511ec83,planned,TEST,,none
2026-07-27T05:53:24.007380+00:00,yush_orderflow_range,v02,ES,1m,"During balanced ES morning auctions, a retest of a developing value-area edge that overlaps a prior liquidity reference and then attracts fresh one-sided trade activity may reverse toward fair value.","Explicit pre_pnl_mechanics_correction from pre_pnl_mechanics_correction_20260727t023250_739a6e38; reviewed reason: Replace the retired v02 failed-auction mechanic before any PnL review with the user-approved v01 AOI lineage, causal ATR14 width, since-open activity-normalized order-flow thresholds, one-tick entry and stop offsets, zero slippage, a 250-dollar price-risk cap, 3.10-dollar round-trip commission, and a frozen midpoint target without breakeven.",frozen in follow-up strategy_spec.yaml,es_sierra_yush_events_20110815_20260529_0930_1100_ny_inv02,research/campaigns/active/yush_orderflow_range/follow_up_attempts/pre_pnl_mechanics_correction_20260727t055322_7511ec83/v02/config.yaml,,follow_up_attempt/pre_pnl_mechanics_correction_20260727t055322_7511ec83,planned,TEST,,none
2026-07-27T05:53:39.038989+00:00,yush_orderflow_range,v01,ES,1m,"During balanced ES morning auctions, a retest of a developing value-area edge that overlaps a prior liquidity reference and then attracts fresh one-sided trade activity may reverse toward fair value.","Explicit pre_pnl_parameter_declaration from pre_pnl_mechanics_correction_20260727t055322_7511ec83; reviewed reason: Freeze the user-approved pre-PnL adaptive v02 parameter space before mechanics evidence or performance inspection: three since-open big-trade activity multiples crossed with four completed-bar delta activity multiples, with the reviewed 20-by-3 default included and the AOI ATR multiple fixed at 1.5.",frozen in follow-up strategy_spec.yaml,es_databento_trade_events_20250714_20260610_0930_1100_ny,research/campaigns/active/yush_orderflow_range/follow_up_attempts/pre_pnl_parameter_declaration_20260727t055337_9c63b8eb/v01/config.yaml,,follow_up_attempt/pre_pnl_parameter_declaration_20260727t055337_9c63b8eb,planned,TEST,,none
2026-07-27T05:53:39.038989+00:00,yush_orderflow_range,v02,ES,1m,"During balanced ES morning auctions, a retest of a developing value-area edge that overlaps a prior liquidity reference and then attracts fresh one-sided trade activity may reverse toward fair value.","Explicit pre_pnl_parameter_declaration from pre_pnl_mechanics_correction_20260727t055322_7511ec83; reviewed reason: Freeze the user-approved pre-PnL adaptive v02 parameter space before mechanics evidence or performance inspection: three since-open big-trade activity multiples crossed with four completed-bar delta activity multiples, with the reviewed 20-by-3 default included and the AOI ATR multiple fixed at 1.5.",frozen in follow-up strategy_spec.yaml,es_sierra_yush_events_20110815_20260529_0930_1100_ny_inv02,research/campaigns/active/yush_orderflow_range/follow_up_attempts/pre_pnl_parameter_declaration_20260727t055337_9c63b8eb/v02/config.yaml,,follow_up_attempt/pre_pnl_parameter_declaration_20260727t055337_9c63b8eb,planned,TEST,,none
2026-07-27T06:07:12.500973+00:00,yush_orderflow_range,v01,ES,1m,"During balanced ES morning auctions, a retest of a developing value-area edge that overlaps a prior liquidity reference and then attracts fresh one-sided trade activity may reverse toward fair value.","Explicit methodology_rerun from pre_pnl_parameter_declaration_20260727t055337_9c63b8eb; reviewed reason: Replace only the mechanics-review window with the most recent contiguous ten-session block that deterministically yields at least five default-parameter entries, selected using trade count only and without inspecting PnL; mechanics, data, grids, and performance windows remain frozen.",frozen in follow-up strategy_spec.yaml,es_databento_trade_events_20250714_20260610_0930_1100_ny,research/campaigns/active/yush_orderflow_range/follow_up_attempts/methodology_rerun_20260727t060710_0ecb6340/v01/config.yaml,,follow_up_attempt/methodology_rerun_20260727t060710_0ecb6340,planned,TEST,,none
2026-07-27T06:07:12.500973+00:00,yush_orderflow_range,v02,ES,1m,"During balanced ES morning auctions, a retest of a developing value-area edge that overlaps a prior liquidity reference and then attracts fresh one-sided trade activity may reverse toward fair value.","Explicit methodology_rerun from pre_pnl_parameter_declaration_20260727t055337_9c63b8eb; reviewed reason: Replace only the mechanics-review window with the most recent contiguous ten-session block that deterministically yields at least five default-parameter entries, selected using trade count only and without inspecting PnL; mechanics, data, grids, and performance windows remain frozen.",frozen in follow-up strategy_spec.yaml,es_sierra_yush_events_20110815_20260529_0930_1100_ny_inv02,research/campaigns/active/yush_orderflow_range/follow_up_attempts/methodology_rerun_20260727t060710_0ecb6340/v02/config.yaml,,follow_up_attempt/methodology_rerun_20260727t060710_0ecb6340,planned,TEST,,none
2026-07-27T06:27:26.697243+00:00,yush_orderflow_range,v01,ES,1m,"During balanced ES morning auctions, a retest of a developing value-area edge that overlaps a prior liquidity reference and then attracts fresh one-sided trade activity may reverse toward fair value.","Explicit pre_pnl_mechanics_correction from methodology_rerun_20260727t060710_0ecb6340; reviewed reason: Before any performance test, revise certified v02 target mechanics to predeclare a frozen midpoint-or-opposite-value-edge take-profit choice and expand the reviewed adaptive threshold choices; prior attempts and evidence remain immutable.",frozen in follow-up strategy_spec.yaml,es_databento_trade_events_20250714_20260610_0930_1100_ny,research/campaigns/active/yush_orderflow_range/follow_up_attempts/pre_pnl_mechanics_correction_20260727t062724_b69fa0a9/v01/config.yaml,,follow_up_attempt/pre_pnl_mechanics_correction_20260727t062724_b69fa0a9,planned,TEST,,none
2026-07-27T06:27:26.697243+00:00,yush_orderflow_range,v02,ES,1m,"During balanced ES morning auctions, a retest of a developing value-area edge that overlaps a prior liquidity reference and then attracts fresh one-sided trade activity may reverse toward fair value.","Explicit pre_pnl_mechanics_correction from methodology_rerun_20260727t060710_0ecb6340; reviewed reason: Before any performance test, revise certified v02 target mechanics to predeclare a frozen midpoint-or-opposite-value-edge take-profit choice and expand the reviewed adaptive threshold choices; prior attempts and evidence remain immutable.",frozen in follow-up strategy_spec.yaml,es_sierra_yush_events_20110815_20260529_0930_1100_ny_inv02,research/campaigns/active/yush_orderflow_range/follow_up_attempts/pre_pnl_mechanics_correction_20260727t062724_b69fa0a9/v02/config.yaml,,follow_up_attempt/pre_pnl_mechanics_correction_20260727t062724_b69fa0a9,planned,TEST,,none
2026-07-27T06:27:36.651874+00:00,yush_orderflow_range,v01,ES,1m,"During balanced ES morning auctions, a retest of a developing value-area edge that overlaps a prior liquidity reference and then attracts fresh one-sided trade activity may reverse toward fair value.","Explicit pre_pnl_parameter_declaration from pre_pnl_mechanics_correction_20260727t062724_b69fa0a9; reviewed reason: Freeze the requested pre-PnL v02 parameter space before any performance inspection: five activity-normalized big-trade multiples crossed with five completed-bar delta multiples and two frozen take-profit modes, for exactly 50 combinations including the reviewed 20-by-3 midpoint default.",frozen in follow-up strategy_spec.yaml,es_databento_trade_events_20250714_20260610_0930_1100_ny,research/campaigns/active/yush_orderflow_range/follow_up_attempts/pre_pnl_parameter_declaration_20260727t062734_a9fca5b1/v01/config.yaml,,follow_up_attempt/pre_pnl_parameter_declaration_20260727t062734_a9fca5b1,planned,TEST,,none
2026-07-27T06:27:36.651874+00:00,yush_orderflow_range,v02,ES,1m,"During balanced ES morning auctions, a retest of a developing value-area edge that overlaps a prior liquidity reference and then attracts fresh one-sided trade activity may reverse toward fair value.","Explicit pre_pnl_parameter_declaration from pre_pnl_mechanics_correction_20260727t062724_b69fa0a9; reviewed reason: Freeze the requested pre-PnL v02 parameter space before any performance inspection: five activity-normalized big-trade multiples crossed with five completed-bar delta multiples and two frozen take-profit modes, for exactly 50 combinations including the reviewed 20-by-3 midpoint default.",frozen in follow-up strategy_spec.yaml,es_sierra_yush_events_20110815_20260529_0930_1100_ny_inv02,research/campaigns/active/yush_orderflow_range/follow_up_attempts/pre_pnl_parameter_declaration_20260727t062734_a9fca5b1/v02/config.yaml,,follow_up_attempt/pre_pnl_parameter_declaration_20260727t062734_a9fca5b1,planned,TEST,,none
2026-07-27T08:03:13.373707+00:00,yush_orderflow_range,v01,ES,1m,"During balanced ES morning auctions, a retest of a developing value-area edge that overlaps a prior liquidity reference and then attracts fresh one-sided trade activity may reverse toward fair value.","Explicit pre_pnl_mechanics_correction from pre_pnl_parameter_declaration_20260727t062734_a9fca5b1; reviewed reason: Bind v02 to certified adaptive implementation v5 before any performance run. The reviewed change adds the explicit five-point fill-to-far-AOI-edge rejection, consistent unlimited daily-entry semantics in strategy and risk layers, and full-RTH event-window propagation while preserving the predeclared 50-combination grid.",frozen in follow-up strategy_spec.yaml,es_databento_trade_events_20250714_20260610_0930_1100_ny,research/campaigns/active/yush_orderflow_range/follow_up_attempts/pre_pnl_mechanics_correction_20260727t080311_221494a6/v01/config.yaml,,follow_up_attempt/pre_pnl_mechanics_correction_20260727t080311_221494a6,planned,TEST,,none
2026-07-27T08:03:13.373707+00:00,yush_orderflow_range,v02,ES,1m,"During balanced ES morning auctions, a retest of a developing value-area edge that overlaps a prior liquidity reference and then attracts fresh one-sided trade activity may reverse toward fair value.","Explicit pre_pnl_mechanics_correction from pre_pnl_parameter_declaration_20260727t062734_a9fca5b1; reviewed reason: Bind v02 to certified adaptive implementation v5 before any performance run. The reviewed change adds the explicit five-point fill-to-far-AOI-edge rejection, consistent unlimited daily-entry semantics in strategy and risk layers, and full-RTH event-window propagation while preserving the predeclared 50-combination grid.",frozen in follow-up strategy_spec.yaml,es_sierra_yush_events_20110815_20260529_0930_1100_ny_inv02,research/campaigns/active/yush_orderflow_range/follow_up_attempts/pre_pnl_mechanics_correction_20260727t080311_221494a6/v02/config.yaml,,follow_up_attempt/pre_pnl_mechanics_correction_20260727t080311_221494a6,planned,TEST,,none
2026-07-27T08:06:24.909130+00:00,yush_orderflow_range,v01,ES,1m,"During balanced ES morning auctions, a retest of a developing value-area edge that overlaps a prior liquidity reference and then attracts fresh one-sided trade activity may reverse toward fair value.",Explicit data_refresh from pre_pnl_mechanics_correction_20260727t080311_221494a6; reviewed reason: Move only v02 to the governed full-RTH Sierra event dataset so the explicitly requested all-session entry window can be tested without mutating immutable v01 history or using observed PnL to tune mechanics.,frozen in follow-up strategy_spec.yaml,es_databento_trade_events_20250714_20260610_0930_1100_ny,research/campaigns/active/yush_orderflow_range/follow_up_attempts/data_refresh_20260727t080623_8b20abc9/v01/config.yaml,,follow_up_attempt/data_refresh_20260727t080623_8b20abc9,planned,TEST,,none
2026-07-27T08:06:24.909130+00:00,yush_orderflow_range,v02,ES,1m,"During balanced ES morning auctions, a retest of a developing value-area edge that overlaps a prior liquidity reference and then attracts fresh one-sided trade activity may reverse toward fair value.",Explicit data_refresh from pre_pnl_mechanics_correction_20260727t080311_221494a6; reviewed reason: Move only v02 to the governed full-RTH Sierra event dataset so the explicitly requested all-session entry window can be tested without mutating immutable v01 history or using observed PnL to tune mechanics.,frozen in follow-up strategy_spec.yaml,es_sierra_yush_events_20110815_20260529_full_rth_ny_inv02,research/campaigns/active/yush_orderflow_range/follow_up_attempts/data_refresh_20260727t080623_8b20abc9/v02/config.yaml,,follow_up_attempt/data_refresh_20260727t080623_8b20abc9,planned,TEST,,none
2026-07-27T08:06:32.629029+00:00,yush_orderflow_range,v01,ES,1m,"During balanced ES morning auctions, a retest of a developing value-area edge that overlaps a prior liquidity reference and then attracts fresh one-sided trade activity may reverse toward fair value.","Explicit pre_pnl_mechanics_correction from data_refresh_20260727t080623_8b20abc9; reviewed reason: Allow v02 entries throughout the governed RTH session with no positive daily entry cap, while atomically preserving the requested hard 15:55 ET forced flatten and preventing entries at or after that boundary.",frozen in follow-up strategy_spec.yaml,es_databento_trade_events_20250714_20260610_0930_1100_ny,research/campaigns/active/yush_orderflow_range/follow_up_attempts/pre_pnl_mechanics_correction_20260727t080630_dac1e6d8/v01/config.yaml,,follow_up_attempt/pre_pnl_mechanics_correction_20260727t080630_dac1e6d8,planned,TEST,,none
2026-07-27T08:06:32.629029+00:00,yush_orderflow_range,v02,ES,1m,"During balanced ES morning auctions, a retest of a developing value-area edge that overlaps a prior liquidity reference and then attracts fresh one-sided trade activity may reverse toward fair value.","Explicit pre_pnl_mechanics_correction from data_refresh_20260727t080623_8b20abc9; reviewed reason: Allow v02 entries throughout the governed RTH session with no positive daily entry cap, while atomically preserving the requested hard 15:55 ET forced flatten and preventing entries at or after that boundary.",frozen in follow-up strategy_spec.yaml,es_sierra_yush_events_20110815_20260529_full_rth_ny_inv02,research/campaigns/active/yush_orderflow_range/follow_up_attempts/pre_pnl_mechanics_correction_20260727t080630_dac1e6d8/v02/config.yaml,,follow_up_attempt/pre_pnl_mechanics_correction_20260727t080630_dac1e6d8,planned,TEST,,none
2026-07-27T08:06:48.285284+00:00,yush_orderflow_range,v01,ES,1m,"During balanced ES morning auctions, a retest of a developing value-area edge that overlaps a prior liquidity reference and then attracts fresh one-sided trade activity may reverse toward fair value.","Explicit methodology_rerun from pre_pnl_mechanics_correction_20260727t080630_dac1e6d8; reviewed reason: Run the corrected v02 mechanics on the fixed ten-session May 2026 review window already used for deterministic source concordance, ensuring at least five sampled trades can be reviewed without changing mechanics or parameters.",frozen in follow-up strategy_spec.yaml,es_databento_trade_events_20250714_20260610_0930_1100_ny,research/campaigns/active/yush_orderflow_range/follow_up_attempts/methodology_rerun_20260727t080646_a00ef00c/v01/config.yaml,,follow_up_attempt/methodology_rerun_20260727t080646_a00ef00c,planned,TEST,,none
2026-07-27T08:06:48.285284+00:00,yush_orderflow_range,v02,ES,1m,"During balanced ES morning auctions, a retest of a developing value-area edge that overlaps a prior liquidity reference and then attracts fresh one-sided trade activity may reverse toward fair value.","Explicit methodology_rerun from pre_pnl_mechanics_correction_20260727t080630_dac1e6d8; reviewed reason: Run the corrected v02 mechanics on the fixed ten-session May 2026 review window already used for deterministic source concordance, ensuring at least five sampled trades can be reviewed without changing mechanics or parameters.",frozen in follow-up strategy_spec.yaml,es_sierra_yush_events_20110815_20260529_full_rth_ny_inv02,research/campaigns/active/yush_orderflow_range/follow_up_attempts/methodology_rerun_20260727t080646_a00ef00c/v02/config.yaml,,follow_up_attempt/methodology_rerun_20260727t080646_a00ef00c,planned,TEST,,none
2026-07-27T08:08:09.853054+00:00,yush_orderflow_range,v01,ES,1m,"During balanced ES morning auctions, a retest of a developing value-area edge that overlaps a prior liquidity reference and then attracts fresh one-sided trade activity may reverse toward fair value.","Explicit pre_pnl_mechanics_correction from methodology_rerun_20260727t080646_a00ef00c; reviewed reason: Correct the frozen v02 disclosure and retain the atomic all-RTH execution timeline: entries through 15:54:59 ET, no positive daily entry cap, and mandatory cancellation and flattening at 15:55 ET.",frozen in follow-up strategy_spec.yaml,es_databento_trade_events_20250714_20260610_0930_1100_ny,research/campaigns/active/yush_orderflow_range/follow_up_attempts/pre_pnl_mechanics_correction_20260727t080807_b244b7ec/v01/config.yaml,,follow_up_attempt/pre_pnl_mechanics_correction_20260727t080807_b244b7ec,planned,TEST,,none
2026-07-27T08:08:09.853054+00:00,yush_orderflow_range,v02,ES,1m,"During balanced ES morning auctions, a retest of a developing value-area edge that overlaps a prior liquidity reference and then attracts fresh one-sided trade activity may reverse toward fair value.","Explicit pre_pnl_mechanics_correction from methodology_rerun_20260727t080646_a00ef00c; reviewed reason: Correct the frozen v02 disclosure and retain the atomic all-RTH execution timeline: entries through 15:54:59 ET, no positive daily entry cap, and mandatory cancellation and flattening at 15:55 ET.",frozen in follow-up strategy_spec.yaml,es_sierra_yush_events_20110815_20260529_full_rth_ny_inv02,research/campaigns/active/yush_orderflow_range/follow_up_attempts/pre_pnl_mechanics_correction_20260727t080807_b244b7ec/v02/config.yaml,,follow_up_attempt/pre_pnl_mechanics_correction_20260727t080807_b244b7ec,planned,TEST,,none
2026-07-27T08:10:11.210489+00:00,yush_orderflow_range,v01,ES,1m,"During balanced ES morning auctions, a retest of a developing value-area edge that overlaps a prior liquidity reference and then attracts fresh one-sided trade activity may reverse toward fair value.",Explicit methodology_rerun from pre_pnl_mechanics_correction_20260727t080807_b244b7ec; reviewed reason: Replace the failed operational review window with the nearest fixed fourteen-day slice containing exactly ten governed full-RTH sessions with causal ATR seeds; the May 25 holiday session had no ATR seed and no mechanics or parameters are changed.,frozen in follow-up strategy_spec.yaml,es_databento_trade_events_20250714_20260610_0930_1100_ny,research/campaigns/active/yush_orderflow_range/follow_up_attempts/methodology_rerun_20260727t081009_b200fd47/v01/config.yaml,,follow_up_attempt/methodology_rerun_20260727t081009_b200fd47,planned,TEST,,none
2026-07-27T08:10:11.210489+00:00,yush_orderflow_range,v02,ES,1m,"During balanced ES morning auctions, a retest of a developing value-area edge that overlaps a prior liquidity reference and then attracts fresh one-sided trade activity may reverse toward fair value.",Explicit methodology_rerun from pre_pnl_mechanics_correction_20260727t080807_b244b7ec; reviewed reason: Replace the failed operational review window with the nearest fixed fourteen-day slice containing exactly ten governed full-RTH sessions with causal ATR seeds; the May 25 holiday session had no ATR seed and no mechanics or parameters are changed.,frozen in follow-up strategy_spec.yaml,es_sierra_yush_events_20110815_20260529_full_rth_ny_inv02,research/campaigns/active/yush_orderflow_range/follow_up_attempts/methodology_rerun_20260727t081009_b200fd47/v02/config.yaml,,follow_up_attempt/methodology_rerun_20260727t081009_b200fd47,planned,TEST,,none
2026-07-29T05:46:22.679358+00:00,yush_orderflow_range,v01,ES,1m,"During balanced ES morning auctions, a retest of a developing value-area edge that overlaps a prior liquidity reference and then attracts fresh one-sided trade activity may reverse toward fair value.","Explicit pre_pnl_mechanics_correction from methodology_rerun_20260727t081009_b200fd47; reviewed reason: Before any performance testing, bind v02 to certified implementation v6. This adds the requested causal developing-profile continuity gate that rejects any strict interior VAL-to-VAH level below 10 percent of POC volume, while preserving and explicitly testing the existing leave, directed-retap, and fresh post-tap trigger sequence.",frozen in follow-up strategy_spec.yaml,es_databento_trade_events_20250714_20260610_0930_1100_ny,research/campaigns/active/yush_orderflow_range/follow_up_attempts/pre_pnl_mechanics_correction_20260729t054620_12f073b2/v01/config.yaml,,follow_up_attempt/pre_pnl_mechanics_correction_20260729t054620_12f073b2,planned,TEST,,none
2026-07-29T05:46:22.679358+00:00,yush_orderflow_range,v02,ES,1m,"During balanced ES morning auctions, a retest of a developing value-area edge that overlaps a prior liquidity reference and then attracts fresh one-sided trade activity may reverse toward fair value.","Explicit pre_pnl_mechanics_correction from methodology_rerun_20260727t081009_b200fd47; reviewed reason: Before any performance testing, bind v02 to certified implementation v6. This adds the requested causal developing-profile continuity gate that rejects any strict interior VAL-to-VAH level below 10 percent of POC volume, while preserving and explicitly testing the existing leave, directed-retap, and fresh post-tap trigger sequence.",frozen in follow-up strategy_spec.yaml,es_sierra_yush_events_20110815_20260529_full_rth_ny_inv02,research/campaigns/active/yush_orderflow_range/follow_up_attempts/pre_pnl_mechanics_correction_20260729t054620_12f073b2/v02/config.yaml,,follow_up_attempt/pre_pnl_mechanics_correction_20260729t054620_12f073b2,planned,TEST,,none
2026-07-29T06:33:23.853211+00:00,yush_orderflow_range,v01,ES,1m,"During balanced ES morning auctions, a retest of a developing value-area edge that overlaps a prior liquidity reference and then attracts fresh one-sided trade activity may reverse toward fair value.","Explicit pre_pnl_mechanics_correction from pre_pnl_mechanics_correction_20260729t054620_12f073b2; reviewed reason: Before any performance testing, bind v02 to certified implementation v7. This evidence-only schema correction preserves exact integer-tick execution internally while storing every reviewer-facing price level in ES points, including AOI confluences, exact fingerprints, frozen targets, and transition state/evidence prices.",frozen in follow-up strategy_spec.yaml,es_databento_trade_events_20250714_20260610_0930_1100_ny,research/campaigns/active/yush_orderflow_range/follow_up_attempts/pre_pnl_mechanics_correction_20260729t063321_9bb8157f/v01/config.yaml,,follow_up_attempt/pre_pnl_mechanics_correction_20260729t063321_9bb8157f,planned,TEST,,none
2026-07-29T06:33:23.853211+00:00,yush_orderflow_range,v02,ES,1m,"During balanced ES morning auctions, a retest of a developing value-area edge that overlaps a prior liquidity reference and then attracts fresh one-sided trade activity may reverse toward fair value.","Explicit pre_pnl_mechanics_correction from pre_pnl_mechanics_correction_20260729t054620_12f073b2; reviewed reason: Before any performance testing, bind v02 to certified implementation v7. This evidence-only schema correction preserves exact integer-tick execution internally while storing every reviewer-facing price level in ES points, including AOI confluences, exact fingerprints, frozen targets, and transition state/evidence prices.",frozen in follow-up strategy_spec.yaml,es_sierra_yush_events_20110815_20260529_full_rth_ny_inv02,research/campaigns/active/yush_orderflow_range/follow_up_attempts/pre_pnl_mechanics_correction_20260729t063321_9bb8157f/v02/config.yaml,,follow_up_attempt/pre_pnl_mechanics_correction_20260729t063321_9bb8157f,planned,TEST,,none
2026-07-29T07:51:08.180392+00:00,yush_orderflow_range,v01,ES,1m,"During balanced ES morning auctions, a retest of a developing value-area edge that overlaps a prior liquidity reference and then attracts fresh one-sided trade activity may reverse toward fair value.","Explicit pre_pnl_mechanics_correction from pre_pnl_mechanics_correction_20260729t063321_9bb8157f; reviewed reason: Replace the declining since-open big-trade multiple with one causal session-frozen 99.9th-percentile threshold from the prior twenty completed RTH sessions, shared by AOI construction and fresh entry triggers, while retaining only the newest institutional level per value edge and consuming it on first retest.",frozen in follow-up strategy_spec.yaml,es_databento_trade_events_20250714_20260610_0930_1100_ny,research/campaigns/active/yush_orderflow_range/follow_up_attempts/pre_pnl_mechanics_correction_20260729t075105_d7f8b804/v01/config.yaml,,follow_up_attempt/pre_pnl_mechanics_correction_20260729t075105_d7f8b804,planned,TEST,,none
2026-07-29T07:51:08.180392+00:00,yush_orderflow_range,v02,ES,1m,"During balanced ES morning auctions, a retest of a developing value-area edge that overlaps a prior liquidity reference and then attracts fresh one-sided trade activity may reverse toward fair value.","Explicit pre_pnl_mechanics_correction from pre_pnl_mechanics_correction_20260729t063321_9bb8157f; reviewed reason: Replace the declining since-open big-trade multiple with one causal session-frozen 99.9th-percentile threshold from the prior twenty completed RTH sessions, shared by AOI construction and fresh entry triggers, while retaining only the newest institutional level per value edge and consuming it on first retest.",frozen in follow-up strategy_spec.yaml,es_sierra_yush_events_20110815_20260529_full_rth_ny_inv02,research/campaigns/active/yush_orderflow_range/follow_up_attempts/pre_pnl_mechanics_correction_20260729t075105_d7f8b804/v02/config.yaml,,follow_up_attempt/pre_pnl_mechanics_correction_20260729t075105_d7f8b804,planned,TEST,,none
2026-07-29T11:09:56.583767+00:00,yush_orderflow_range,v01,ES,1m,"During balanced ES morning auctions, a retest of a developing value-area edge that overlaps a prior liquidity reference and then attracts fresh one-sided trade activity may reverse toward fair value.","Explicit pre_pnl_mechanics_correction from pre_pnl_mechanics_correction_20260729t075105_d7f8b804; reviewed reason: Replace v02 before any performance test with the reviewed Chart Fanatics balanced-range failed-breakout implementation, freeze the newly certified source identity and execution assumptions, and require fresh causal mechanics evidence and manual approval.",frozen in follow-up strategy_spec.yaml,es_databento_trade_events_20250714_20260610_0930_1100_ny,research/campaigns/active/yush_orderflow_range/follow_up_attempts/pre_pnl_mechanics_correction_20260729t110953_a994eaa8/v01/config.yaml,,follow_up_attempt/pre_pnl_mechanics_correction_20260729t110953_a994eaa8,planned,TEST,,none
2026-07-29T11:09:56.583767+00:00,yush_orderflow_range,v02,ES,1m,"During balanced ES morning auctions, a retest of a developing value-area edge that overlaps a prior liquidity reference and then attracts fresh one-sided trade activity may reverse toward fair value.","Explicit pre_pnl_mechanics_correction from pre_pnl_mechanics_correction_20260729t075105_d7f8b804; reviewed reason: Replace v02 before any performance test with the reviewed Chart Fanatics balanced-range failed-breakout implementation, freeze the newly certified source identity and execution assumptions, and require fresh causal mechanics evidence and manual approval.",frozen in follow-up strategy_spec.yaml,es_sierra_yush_events_20110815_20260529_full_rth_ny_inv02,research/campaigns/active/yush_orderflow_range/follow_up_attempts/pre_pnl_mechanics_correction_20260729t110953_a994eaa8/v02/config.yaml,,follow_up_attempt/pre_pnl_mechanics_correction_20260729t110953_a994eaa8,planned,TEST,,none
2026-07-29T11:13:36.913591+00:00,yush_orderflow_range,v01,ES,1m,"During balanced ES morning auctions, a retest of a developing value-area edge that overlaps a prior liquidity reference and then attracts fresh one-sided trade activity may reverse toward fair value.",Explicit pre_pnl_mechanics_correction from pre_pnl_mechanics_correction_20260729t110953_a994eaa8; reviewed reason: Refresh v02 after the pre-PnL mechanics runner was corrected to permit deterministic session-independent fixed-dollar sizing in parallel session replay; freeze the new source identity and require entirely fresh mechanics evidence and manual approval.,frozen in follow-up strategy_spec.yaml,es_databento_trade_events_20250714_20260610_0930_1100_ny,research/campaigns/active/yush_orderflow_range/follow_up_attempts/pre_pnl_mechanics_correction_20260729t111334_f82d86aa/v01/config.yaml,,follow_up_attempt/pre_pnl_mechanics_correction_20260729t111334_f82d86aa,planned,TEST,,none
2026-07-29T11:13:36.913591+00:00,yush_orderflow_range,v02,ES,1m,"During balanced ES morning auctions, a retest of a developing value-area edge that overlaps a prior liquidity reference and then attracts fresh one-sided trade activity may reverse toward fair value.",Explicit pre_pnl_mechanics_correction from pre_pnl_mechanics_correction_20260729t110953_a994eaa8; reviewed reason: Refresh v02 after the pre-PnL mechanics runner was corrected to permit deterministic session-independent fixed-dollar sizing in parallel session replay; freeze the new source identity and require entirely fresh mechanics evidence and manual approval.,frozen in follow-up strategy_spec.yaml,es_sierra_yush_events_20110815_20260529_full_rth_ny_inv02,research/campaigns/active/yush_orderflow_range/follow_up_attempts/pre_pnl_mechanics_correction_20260729t111334_f82d86aa/v02/config.yaml,,follow_up_attempt/pre_pnl_mechanics_correction_20260729t111334_f82d86aa,planned,TEST,,none
2026-07-29T11:18:22.511207+00:00,yush_orderflow_range,v01,ES,1m,"During balanced ES morning auctions, a retest of a developing value-area edge that overlaps a prior liquidity reference and then attracts fresh one-sided trade activity may reverse toward fair value.","Explicit pre_pnl_mechanics_correction from pre_pnl_mechanics_correction_20260729t111334_f82d86aa; reviewed reason: Complete the reviewed replacement before PnL by enforcing the specified one-filled-entry-per-AOI rule, declaring the strategy decision timeframe as three minutes, and adding non-execution diagnostic counters that explain each pre-entry rejection stage; require fresh evidence and approval.",frozen in follow-up strategy_spec.yaml,es_databento_trade_events_20250714_20260610_0930_1100_ny,research/campaigns/active/yush_orderflow_range/follow_up_attempts/pre_pnl_mechanics_correction_20260729t111820_d0632423/v01/config.yaml,,follow_up_attempt/pre_pnl_mechanics_correction_20260729t111820_d0632423,planned,TEST,,none
2026-07-29T11:18:22.511207+00:00,yush_orderflow_range,v02,ES,1m,"During balanced ES morning auctions, a retest of a developing value-area edge that overlaps a prior liquidity reference and then attracts fresh one-sided trade activity may reverse toward fair value.","Explicit pre_pnl_mechanics_correction from pre_pnl_mechanics_correction_20260729t111334_f82d86aa; reviewed reason: Complete the reviewed replacement before PnL by enforcing the specified one-filled-entry-per-AOI rule, declaring the strategy decision timeframe as three minutes, and adding non-execution diagnostic counters that explain each pre-entry rejection stage; require fresh evidence and approval.",frozen in follow-up strategy_spec.yaml,es_sierra_yush_events_20110815_20260529_full_rth_ny_inv02,research/campaigns/active/yush_orderflow_range/follow_up_attempts/pre_pnl_mechanics_correction_20260729t111820_d0632423/v02/config.yaml,,follow_up_attempt/pre_pnl_mechanics_correction_20260729t111820_d0632423,planned,TEST,,none
2026-07-29T11:21:44.210936+00:00,yush_orderflow_range,v01,ES,1m,"During balanced ES morning auctions, a retest of a developing value-area edge that overlaps a prior liquidity reference and then attracts fresh one-sided trade activity may reverse toward fair value.","Explicit pre_pnl_mechanics_correction from pre_pnl_mechanics_correction_20260729t111820_d0632423; reviewed reason: Refresh the immutable pre-PnL v02 definition after completing its strategy-specific causal review trace, including exact large-trade burst, delta-bin threshold, aggression-bar, pre-sweep profile, target, sizing, and cost evidence; generate fresh mechanics evidence and require manual approval.",frozen in follow-up strategy_spec.yaml,es_databento_trade_events_20250714_20260610_0930_1100_ny,research/campaigns/active/yush_orderflow_range/follow_up_attempts/pre_pnl_mechanics_correction_20260729t112141_817d6c96/v01/config.yaml,,follow_up_attempt/pre_pnl_mechanics_correction_20260729t112141_817d6c96,planned,TEST,,none
2026-07-29T11:21:44.210936+00:00,yush_orderflow_range,v02,ES,1m,"During balanced ES morning auctions, a retest of a developing value-area edge that overlaps a prior liquidity reference and then attracts fresh one-sided trade activity may reverse toward fair value.","Explicit pre_pnl_mechanics_correction from pre_pnl_mechanics_correction_20260729t111820_d0632423; reviewed reason: Refresh the immutable pre-PnL v02 definition after completing its strategy-specific causal review trace, including exact large-trade burst, delta-bin threshold, aggression-bar, pre-sweep profile, target, sizing, and cost evidence; generate fresh mechanics evidence and require manual approval.",frozen in follow-up strategy_spec.yaml,es_sierra_yush_events_20110815_20260529_full_rth_ny_inv02,research/campaigns/active/yush_orderflow_range/follow_up_attempts/pre_pnl_mechanics_correction_20260729t112141_817d6c96/v02/config.yaml,,follow_up_attempt/pre_pnl_mechanics_correction_20260729t112141_817d6c96,planned,TEST,,none
2026-07-29T11:23:40.299172+00:00,yush_orderflow_range,v01,ES,1m,"During balanced ES morning auctions, a retest of a developing value-area edge that overlaps a prior liquidity reference and then attracts fresh one-sided trade activity may reverse toward fair value.","Explicit pre_pnl_mechanics_correction from pre_pnl_mechanics_correction_20260729t112141_817d6c96; reviewed reason: Refresh the immutable v02 mechanics-review contract after making the strategy-specific causal trace explicit and correcting empty validation output to report that no causal trade sample exists, rather than falsely claiming the trade identifier column is missing; require fresh evidence and approval.",frozen in follow-up strategy_spec.yaml,es_databento_trade_events_20250714_20260610_0930_1100_ny,research/campaigns/active/yush_orderflow_range/follow_up_attempts/pre_pnl_mechanics_correction_20260729t112337_b53ec762/v01/config.yaml,,follow_up_attempt/pre_pnl_mechanics_correction_20260729t112337_b53ec762,planned,TEST,,none
2026-07-29T11:23:40.299172+00:00,yush_orderflow_range,v02,ES,1m,"During balanced ES morning auctions, a retest of a developing value-area edge that overlaps a prior liquidity reference and then attracts fresh one-sided trade activity may reverse toward fair value.","Explicit pre_pnl_mechanics_correction from pre_pnl_mechanics_correction_20260729t112141_817d6c96; reviewed reason: Refresh the immutable v02 mechanics-review contract after making the strategy-specific causal trace explicit and correcting empty validation output to report that no causal trade sample exists, rather than falsely claiming the trade identifier column is missing; require fresh evidence and approval.",frozen in follow-up strategy_spec.yaml,es_sierra_yush_events_20110815_20260529_full_rth_ny_inv02,research/campaigns/active/yush_orderflow_range/follow_up_attempts/pre_pnl_mechanics_correction_20260729t112337_b53ec762/v02/config.yaml,,follow_up_attempt/pre_pnl_mechanics_correction_20260729t112337_b53ec762,planned,TEST,,none
2026-07-29T11:42:43.649306+00:00,yush_orderflow_range,v01,ES,1m,"During balanced ES morning auctions, a retest of a developing value-area edge that overlaps a prior liquidity reference and then attracts fresh one-sided trade activity may reverse toward fair value.","Explicit pre_pnl_mechanics_correction from pre_pnl_mechanics_correction_20260729t112337_b53ec762; reviewed reason: Replace v02 before any performance testing because the prior mechanics produced zero completed trades in the ten-session causal replay. Frequency of at least five trades is a predeclared mechanics-validation requirement needed to inspect entry and exit behavior; the correction uses no PnL, profitability metric, or holdout result.",frozen in follow-up strategy_spec.yaml,es_databento_trade_events_20250714_20260610_0930_1100_ny,research/campaigns/active/yush_orderflow_range/follow_up_attempts/pre_pnl_mechanics_correction_20260729t114240_f5535d07/v01/config.yaml,,follow_up_attempt/pre_pnl_mechanics_correction_20260729t114240_f5535d07,planned,TEST,,none
2026-07-29T11:42:43.649306+00:00,yush_orderflow_range,v02,ES,1m,"During balanced ES morning auctions, a retest of a developing value-area edge that overlaps a prior liquidity reference and then attracts fresh one-sided trade activity may reverse toward fair value.","Explicit pre_pnl_mechanics_correction from pre_pnl_mechanics_correction_20260729t112337_b53ec762; reviewed reason: Replace v02 before any performance testing because the prior mechanics produced zero completed trades in the ten-session causal replay. Frequency of at least five trades is a predeclared mechanics-validation requirement needed to inspect entry and exit behavior; the correction uses no PnL, profitability metric, or holdout result.",frozen in follow-up strategy_spec.yaml,es_sierra_yush_events_20110815_20260529_full_rth_ny_inv02,research/campaigns/active/yush_orderflow_range/follow_up_attempts/pre_pnl_mechanics_correction_20260729t114240_f5535d07/v02/config.yaml,,follow_up_attempt/pre_pnl_mechanics_correction_20260729t114240_f5535d07,planned,TEST,,none
2026-07-29T11:48:37.875310+00:00,yush_orderflow_range,v01,ES,1m,"During balanced ES morning auctions, a retest of a developing value-area edge that overlaps a prior liquidity reference and then attracts fresh one-sided trade activity may reverse toward fair value.",Explicit pre_pnl_mechanics_correction from pre_pnl_mechanics_correction_20260729t114240_f5535d07; reviewed reason: Correct the v02 implementation before performance testing so the declared three-bar failure-confirmation window also permits causal aggression qualification on each of those three bars. The prior implementation unintentionally checked later failure bars against aggression captured only through bar one; no PnL or profitability result informed this correction.,frozen in follow-up strategy_spec.yaml,es_databento_trade_events_20250714_20260610_0930_1100_ny,research/campaigns/active/yush_orderflow_range/follow_up_attempts/pre_pnl_mechanics_correction_20260729t114835_01c6f044/v01/config.yaml,,follow_up_attempt/pre_pnl_mechanics_correction_20260729t114835_01c6f044,planned,TEST,,none
2026-07-29T11:48:37.875310+00:00,yush_orderflow_range,v02,ES,1m,"During balanced ES morning auctions, a retest of a developing value-area edge that overlaps a prior liquidity reference and then attracts fresh one-sided trade activity may reverse toward fair value.",Explicit pre_pnl_mechanics_correction from pre_pnl_mechanics_correction_20260729t114240_f5535d07; reviewed reason: Correct the v02 implementation before performance testing so the declared three-bar failure-confirmation window also permits causal aggression qualification on each of those three bars. The prior implementation unintentionally checked later failure bars against aggression captured only through bar one; no PnL or profitability result informed this correction.,frozen in follow-up strategy_spec.yaml,es_sierra_yush_events_20110815_20260529_full_rth_ny_inv02,research/campaigns/active/yush_orderflow_range/follow_up_attempts/pre_pnl_mechanics_correction_20260729t114835_01c6f044/v02/config.yaml,,follow_up_attempt/pre_pnl_mechanics_correction_20260729t114835_01c6f044,planned,TEST,,none
2026-07-29T12:22:16.733843+00:00,yush_orderflow_range,v01,ES,1m,"During balanced ES morning auctions, a retest of a developing value-area edge that overlaps a prior liquidity reference and then attracts fresh one-sided trade activity may reverse toward fair value.","Explicit pre_pnl_mechanics_correction from pre_pnl_mechanics_correction_20260729t114835_01c6f044; reviewed reason: Implement the explicitly authorized pre-PnL frequency correction by freezing a score-three AOI when a completed balanced-regime bar makes it causal, retaining that immutable AOI for at most three immediately subsequent undefined-regime bars, and invalidating it on a direction-aligned breakout trend. No PnL, profitability metric, or holdout result informed this correction.",frozen in follow-up strategy_spec.yaml,es_databento_trade_events_20250714_20260610_0930_1100_ny,research/campaigns/active/yush_orderflow_range/follow_up_attempts/pre_pnl_mechanics_correction_20260729t122213_099238c0/v01/config.yaml,,follow_up_attempt/pre_pnl_mechanics_correction_20260729t122213_099238c0,planned,TEST,,none
2026-07-29T12:22:16.733843+00:00,yush_orderflow_range,v02,ES,1m,"During balanced ES morning auctions, a retest of a developing value-area edge that overlaps a prior liquidity reference and then attracts fresh one-sided trade activity may reverse toward fair value.","Explicit pre_pnl_mechanics_correction from pre_pnl_mechanics_correction_20260729t114835_01c6f044; reviewed reason: Implement the explicitly authorized pre-PnL frequency correction by freezing a score-three AOI when a completed balanced-regime bar makes it causal, retaining that immutable AOI for at most three immediately subsequent undefined-regime bars, and invalidating it on a direction-aligned breakout trend. No PnL, profitability metric, or holdout result informed this correction.",frozen in follow-up strategy_spec.yaml,es_sierra_yush_events_20110815_20260529_full_rth_ny_inv02,research/campaigns/active/yush_orderflow_range/follow_up_attempts/pre_pnl_mechanics_correction_20260729t122213_099238c0/v02/config.yaml,,follow_up_attempt/pre_pnl_mechanics_correction_20260729t122213_099238c0,planned,TEST,,none
2026-07-29T12:31:08.852704+00:00,yush_orderflow_range,v01,ES,1m,"During balanced ES morning auctions, a retest of a developing value-area edge that overlaps a prior liquidity reference and then attracts fresh one-sided trade activity may reverse toward fair value.","Explicit pre_pnl_mechanics_correction from pre_pnl_mechanics_correction_20260729t122213_099238c0; reviewed reason: Apply the user-authorized pre-PnL frequency correction by removing the redundant sweep-to-failure aggregate-delta direction gate. A valid failure now requires a completed close at least one tick back inside the frozen AOI edge while the separately defined sweep-episode aggression qualification remains mandatory. Aggregate delta remains logged for review, and no PnL, profitability metric, or holdout result informed this correction.",frozen in follow-up strategy_spec.yaml,es_databento_trade_events_20250714_20260610_0930_1100_ny,research/campaigns/active/yush_orderflow_range/follow_up_attempts/pre_pnl_mechanics_correction_20260729t123106_c434adeb/v01/config.yaml,,follow_up_attempt/pre_pnl_mechanics_correction_20260729t123106_c434adeb,planned,TEST,,none
2026-07-29T12:31:08.852704+00:00,yush_orderflow_range,v02,ES,1m,"During balanced ES morning auctions, a retest of a developing value-area edge that overlaps a prior liquidity reference and then attracts fresh one-sided trade activity may reverse toward fair value.","Explicit pre_pnl_mechanics_correction from pre_pnl_mechanics_correction_20260729t122213_099238c0; reviewed reason: Apply the user-authorized pre-PnL frequency correction by removing the redundant sweep-to-failure aggregate-delta direction gate. A valid failure now requires a completed close at least one tick back inside the frozen AOI edge while the separately defined sweep-episode aggression qualification remains mandatory. Aggregate delta remains logged for review, and no PnL, profitability metric, or holdout result informed this correction.",frozen in follow-up strategy_spec.yaml,es_sierra_yush_events_20110815_20260529_full_rth_ny_inv02,research/campaigns/active/yush_orderflow_range/follow_up_attempts/pre_pnl_mechanics_correction_20260729t123106_c434adeb/v02/config.yaml,,follow_up_attempt/pre_pnl_mechanics_correction_20260729t123106_c434adeb,planned,TEST,,none
2026-07-29T12:40:28.545478+00:00,yush_orderflow_range,v01,ES,1m,"During balanced ES morning auctions, a retest of a developing value-area edge that overlaps a prior liquidity reference and then attracts fresh one-sided trade activity may reverse toward fair value.","Explicit pre_pnl_mechanics_correction from pre_pnl_mechanics_correction_20260729t123106_c434adeb; reviewed reason: Apply the explicitly authorized pre-PnL frequency correction after v13 produced zero trades in the fixed ten-session mechanics replay: retain the causal frozen-AOI sweep and one-tick close-back-inside failure, but treat extreme-delta and two-hundred-contract burst observations as corroborating review evidence rather than mandatory entry vetoes. The change targets the predeclared minimum of five mechanics samples and uses no PnL, profitability metric, or holdout result.",frozen in follow-up strategy_spec.yaml,es_databento_trade_events_20250714_20260610_0930_1100_ny,research/campaigns/active/yush_orderflow_range/follow_up_attempts/pre_pnl_mechanics_correction_20260729t124025_3d69fc64/v01/config.yaml,,follow_up_attempt/pre_pnl_mechanics_correction_20260729t124025_3d69fc64,planned,TEST,,none
2026-07-29T12:40:28.545478+00:00,yush_orderflow_range,v02,ES,1m,"During balanced ES morning auctions, a retest of a developing value-area edge that overlaps a prior liquidity reference and then attracts fresh one-sided trade activity may reverse toward fair value.","Explicit pre_pnl_mechanics_correction from pre_pnl_mechanics_correction_20260729t123106_c434adeb; reviewed reason: Apply the explicitly authorized pre-PnL frequency correction after v13 produced zero trades in the fixed ten-session mechanics replay: retain the causal frozen-AOI sweep and one-tick close-back-inside failure, but treat extreme-delta and two-hundred-contract burst observations as corroborating review evidence rather than mandatory entry vetoes. The change targets the predeclared minimum of five mechanics samples and uses no PnL, profitability metric, or holdout result.",frozen in follow-up strategy_spec.yaml,es_sierra_yush_events_20110815_20260529_full_rth_ny_inv02,research/campaigns/active/yush_orderflow_range/follow_up_attempts/pre_pnl_mechanics_correction_20260729t124025_3d69fc64/v02/config.yaml,,follow_up_attempt/pre_pnl_mechanics_correction_20260729t124025_3d69fc64,planned,TEST,,none
2026-07-29T12:47:27.062300+00:00,yush_orderflow_range,v01,ES,1m,"During balanced ES morning auctions, a retest of a developing value-area edge that overlaps a prior liquidity reference and then attracts fresh one-sided trade activity may reverse toward fair value.","Explicit pre_pnl_mechanics_correction from pre_pnl_mechanics_correction_20260729t124025_3d69fc64; reviewed reason: Apply the explicitly authorized pre-PnL frequency correction after v14 exposed six causal failed-auction confirmations but rejected all six before order submission because the entry trigger waited beyond the entire failure-bar extreme. Replace that redundant continuation condition with a fixed causal trigger one tick inside the frozen AOI edge after the completed failure close. Preserve the structural stop beyond the sweep extreme, fixed risk budget, costs, fill rules, targets, and all other mechanics. Candidate-distance diagnostics—not PnL, profitability, or holdout results—show five of six confirmations fit the existing risk constraints under this simpler trigger.",frozen in follow-up strategy_spec.yaml,es_databento_trade_events_20250714_20260610_0930_1100_ny,research/campaigns/active/yush_orderflow_range/follow_up_attempts/pre_pnl_mechanics_correction_20260729t124724_317a6c58/v01/config.yaml,,follow_up_attempt/pre_pnl_mechanics_correction_20260729t124724_317a6c58,planned,TEST,,none
2026-07-29T12:47:27.062300+00:00,yush_orderflow_range,v02,ES,1m,"During balanced ES morning auctions, a retest of a developing value-area edge that overlaps a prior liquidity reference and then attracts fresh one-sided trade activity may reverse toward fair value.","Explicit pre_pnl_mechanics_correction from pre_pnl_mechanics_correction_20260729t124025_3d69fc64; reviewed reason: Apply the explicitly authorized pre-PnL frequency correction after v14 exposed six causal failed-auction confirmations but rejected all six before order submission because the entry trigger waited beyond the entire failure-bar extreme. Replace that redundant continuation condition with a fixed causal trigger one tick inside the frozen AOI edge after the completed failure close. Preserve the structural stop beyond the sweep extreme, fixed risk budget, costs, fill rules, targets, and all other mechanics. Candidate-distance diagnostics—not PnL, profitability, or holdout results—show five of six confirmations fit the existing risk constraints under this simpler trigger.",frozen in follow-up strategy_spec.yaml,es_sierra_yush_events_20110815_20260529_full_rth_ny_inv02,research/campaigns/active/yush_orderflow_range/follow_up_attempts/pre_pnl_mechanics_correction_20260729t124724_317a6c58/v02/config.yaml,,follow_up_attempt/pre_pnl_mechanics_correction_20260729t124724_317a6c58,planned,TEST,,none
2026-07-29T12:58:48.141344+00:00,yush_orderflow_range,v01,ES,1m,"During balanced ES morning auctions, a retest of a developing value-area edge that overlaps a prior liquidity reference and then attracts fresh one-sided trade activity may reverse toward fair value.","Explicit pre_pnl_mechanics_correction from pre_pnl_mechanics_correction_20260729t124724_317a6c58; reviewed reason: Apply the explicitly authorized pre-PnL frequency correction after v15 showed that directionally invalid AOIs were consuming the sparse mechanics funnel. Preserve the score-three confluence threshold, sweep, failure, stop, target, fixed-risk, cost, and fill rules; permit a newly causal score-three AOI to freeze on a completed balanced or undefined non-trending bar, invalidate it on a directional trend, and derive long or short eligibility from the AOI location in the frozen profile rather than from a historical level name. A non-PnL causal diagnostic replay produced nine mechanics trades across the fixed ten sessions; no profitability metric or holdout result informed the change.",frozen in follow-up strategy_spec.yaml,es_databento_trade_events_20250714_20260610_0930_1100_ny,research/campaigns/active/yush_orderflow_range/follow_up_attempts/pre_pnl_mechanics_correction_20260729t125845_69805264/v01/config.yaml,,follow_up_attempt/pre_pnl_mechanics_correction_20260729t125845_69805264,planned,TEST,,none
2026-07-29T12:58:48.141344+00:00,yush_orderflow_range,v02,ES,1m,"During balanced ES morning auctions, a retest of a developing value-area edge that overlaps a prior liquidity reference and then attracts fresh one-sided trade activity may reverse toward fair value.","Explicit pre_pnl_mechanics_correction from pre_pnl_mechanics_correction_20260729t124724_317a6c58; reviewed reason: Apply the explicitly authorized pre-PnL frequency correction after v15 showed that directionally invalid AOIs were consuming the sparse mechanics funnel. Preserve the score-three confluence threshold, sweep, failure, stop, target, fixed-risk, cost, and fill rules; permit a newly causal score-three AOI to freeze on a completed balanced or undefined non-trending bar, invalidate it on a directional trend, and derive long or short eligibility from the AOI location in the frozen profile rather than from a historical level name. A non-PnL causal diagnostic replay produced nine mechanics trades across the fixed ten sessions; no profitability metric or holdout result informed the change.",frozen in follow-up strategy_spec.yaml,es_sierra_yush_events_20110815_20260529_full_rth_ny_inv02,research/campaigns/active/yush_orderflow_range/follow_up_attempts/pre_pnl_mechanics_correction_20260729t125845_69805264/v02/config.yaml,,follow_up_attempt/pre_pnl_mechanics_correction_20260729t125845_69805264,planned,TEST,,none
2026-07-29T13:00:58.682588+00:00,yush_orderflow_range,v01,ES,1m,"During balanced ES morning auctions, a retest of a developing value-area edge that overlaps a prior liquidity reference and then attracts fresh one-sided trade activity may reverse toward fair value.","Explicit pre_pnl_mechanics_correction from pre_pnl_mechanics_correction_20260729t125845_69805264; reviewed reason: Refresh the immutable v02 attempt after correcting a result-invariant event-evidence defect exposed by the v16 mechanics replay. When a one-contract position reached the strategy-managed midpoint and the requested partial quantity equalled the entire position, the generic event engine closed at the declared target but omitted the active target tick from the trade and close transition. Record that already-executed target before closing so automated target-touch reconciliation reflects the causal fill. Strategy mechanics, trade count, entry and exit events, stops, targets, sizing, costs, and fills are unchanged; no PnL, profitability metric, or holdout result informed this correction.",frozen in follow-up strategy_spec.yaml,es_databento_trade_events_20250714_20260610_0930_1100_ny,research/campaigns/active/yush_orderflow_range/follow_up_attempts/pre_pnl_mechanics_correction_20260729t130055_bb131c6a/v01/config.yaml,,follow_up_attempt/pre_pnl_mechanics_correction_20260729t130055_bb131c6a,planned,TEST,,none
2026-07-29T13:00:58.682588+00:00,yush_orderflow_range,v02,ES,1m,"During balanced ES morning auctions, a retest of a developing value-area edge that overlaps a prior liquidity reference and then attracts fresh one-sided trade activity may reverse toward fair value.","Explicit pre_pnl_mechanics_correction from pre_pnl_mechanics_correction_20260729t125845_69805264; reviewed reason: Refresh the immutable v02 attempt after correcting a result-invariant event-evidence defect exposed by the v16 mechanics replay. When a one-contract position reached the strategy-managed midpoint and the requested partial quantity equalled the entire position, the generic event engine closed at the declared target but omitted the active target tick from the trade and close transition. Record that already-executed target before closing so automated target-touch reconciliation reflects the causal fill. Strategy mechanics, trade count, entry and exit events, stops, targets, sizing, costs, and fills are unchanged; no PnL, profitability metric, or holdout result informed this correction.",frozen in follow-up strategy_spec.yaml,es_sierra_yush_events_20110815_20260529_full_rth_ny_inv02,research/campaigns/active/yush_orderflow_range/follow_up_attempts/pre_pnl_mechanics_correction_20260729t130055_bb131c6a/v02/config.yaml,,follow_up_attempt/pre_pnl_mechanics_correction_20260729t130055_bb131c6a,planned,TEST,,none
2026-07-29T15:16:37.586887+00:00,yush_orderflow_range,v01,ES,1m,"During balanced ES morning auctions, a retest of a developing value-area edge that overlaps a prior liquidity reference and then attracts fresh one-sided trade activity may reverse toward fair value.","Explicit pre_pnl_mechanics_correction from pre_pnl_mechanics_correction_20260729t130055_bb131c6a; reviewed reason: Increase the pre-PnL v02 fixed-risk cap so every accepted entry contains exactly two ES contracts, allowing an auditable one-contract TP1 exit and one-contract TP2 runner. Cap size at two, reject fills that cannot support both contracts within the risk budget, and align the configured prop contract limit. No performance results informed this correction.",frozen in follow-up strategy_spec.yaml,es_databento_trade_events_20250714_20260610_0930_1100_ny,research/campaigns/active/yush_orderflow_range/follow_up_attempts/pre_pnl_mechanics_correction_20260729t151634_79ba10ee/v01/config.yaml,,follow_up_attempt/pre_pnl_mechanics_correction_20260729t151634_79ba10ee,planned,TEST,,none
2026-07-29T15:16:37.586887+00:00,yush_orderflow_range,v02,ES,1m,"During balanced ES morning auctions, a retest of a developing value-area edge that overlaps a prior liquidity reference and then attracts fresh one-sided trade activity may reverse toward fair value.","Explicit pre_pnl_mechanics_correction from pre_pnl_mechanics_correction_20260729t130055_bb131c6a; reviewed reason: Increase the pre-PnL v02 fixed-risk cap so every accepted entry contains exactly two ES contracts, allowing an auditable one-contract TP1 exit and one-contract TP2 runner. Cap size at two, reject fills that cannot support both contracts within the risk budget, and align the configured prop contract limit. No performance results informed this correction.",frozen in follow-up strategy_spec.yaml,es_sierra_yush_events_20110815_20260529_full_rth_ny_inv02,research/campaigns/active/yush_orderflow_range/follow_up_attempts/pre_pnl_mechanics_correction_20260729t151634_79ba10ee/v02/config.yaml,,follow_up_attempt/pre_pnl_mechanics_correction_20260729t151634_79ba10ee,planned,TEST,,none
2026-07-29T15:21:42.337210+00:00,yush_orderflow_range,v01,ES,1m,"During balanced ES morning auctions, a retest of a developing value-area edge that overlaps a prior liquidity reference and then attracts fresh one-sided trade activity may reverse toward fair value.","Explicit pre_pnl_mechanics_correction from pre_pnl_mechanics_correction_20260729t151634_79ba10ee; reviewed reason: Refresh immutable v02 after correcting scale-out evidence and execution state: TP1 now atomically installs the declared opposite-value TP2 target together with the one-tick-profit protective stop, and validation permits distinct partial-close and bracket-amendment transitions on the same causal event. The two-contract risk mechanics are unchanged and no performance results informed this correction.",frozen in follow-up strategy_spec.yaml,es_databento_trade_events_20250714_20260610_0930_1100_ny,research/campaigns/active/yush_orderflow_range/follow_up_attempts/pre_pnl_mechanics_correction_20260729t152139_bdfccdef/v01/config.yaml,,follow_up_attempt/pre_pnl_mechanics_correction_20260729t152139_bdfccdef,planned,TEST,,none
2026-07-29T15:21:42.337210+00:00,yush_orderflow_range,v02,ES,1m,"During balanced ES morning auctions, a retest of a developing value-area edge that overlaps a prior liquidity reference and then attracts fresh one-sided trade activity may reverse toward fair value.","Explicit pre_pnl_mechanics_correction from pre_pnl_mechanics_correction_20260729t151634_79ba10ee; reviewed reason: Refresh immutable v02 after correcting scale-out evidence and execution state: TP1 now atomically installs the declared opposite-value TP2 target together with the one-tick-profit protective stop, and validation permits distinct partial-close and bracket-amendment transitions on the same causal event. The two-contract risk mechanics are unchanged and no performance results informed this correction.",frozen in follow-up strategy_spec.yaml,es_sierra_yush_events_20110815_20260529_full_rth_ny_inv02,research/campaigns/active/yush_orderflow_range/follow_up_attempts/pre_pnl_mechanics_correction_20260729t152139_bdfccdef/v02/config.yaml,,follow_up_attempt/pre_pnl_mechanics_correction_20260729t152139_bdfccdef,planned,TEST,,none
2026-07-29T15:23:20.520630+00:00,yush_orderflow_range,v01,ES,1m,"During balanced ES morning auctions, a retest of a developing value-area edge that overlaps a prior liquidity reference and then attracts fresh one-sided trade activity may reverse toward fair value.","Explicit pre_pnl_mechanics_correction from pre_pnl_mechanics_correction_20260729t152139_bdfccdef; reviewed reason: Refresh immutable v02 after the mechanics gate proved that the post-TP1 stop used the pre-slippage entry reference. Bind the stop to the actual filled entry price so it rests exactly one tick into profit for the remaining contract, while retaining the two-contract cap and installed TP2 target. No performance result informed this implementation correction.",frozen in follow-up strategy_spec.yaml,es_databento_trade_events_20250714_20260610_0930_1100_ny,research/campaigns/active/yush_orderflow_range/follow_up_attempts/pre_pnl_mechanics_correction_20260729t152317_2e7e81b6/v01/config.yaml,,follow_up_attempt/pre_pnl_mechanics_correction_20260729t152317_2e7e81b6,planned,TEST,,none
2026-07-29T15:23:20.520630+00:00,yush_orderflow_range,v02,ES,1m,"During balanced ES morning auctions, a retest of a developing value-area edge that overlaps a prior liquidity reference and then attracts fresh one-sided trade activity may reverse toward fair value.","Explicit pre_pnl_mechanics_correction from pre_pnl_mechanics_correction_20260729t152139_bdfccdef; reviewed reason: Refresh immutable v02 after the mechanics gate proved that the post-TP1 stop used the pre-slippage entry reference. Bind the stop to the actual filled entry price so it rests exactly one tick into profit for the remaining contract, while retaining the two-contract cap and installed TP2 target. No performance result informed this implementation correction.",frozen in follow-up strategy_spec.yaml,es_sierra_yush_events_20110815_20260529_full_rth_ny_inv02,research/campaigns/active/yush_orderflow_range/follow_up_attempts/pre_pnl_mechanics_correction_20260729t152317_2e7e81b6/v02/config.yaml,,follow_up_attempt/pre_pnl_mechanics_correction_20260729t152317_2e7e81b6,planned,TEST,,none
2026-07-29T15:25:21.596258+00:00,yush_orderflow_range,v01,ES,1m,"During balanced ES morning auctions, a retest of a developing value-area edge that overlaps a prior liquidity reference and then attracts fresh one-sided trade activity may reverse toward fair value.","Explicit pre_pnl_mechanics_correction from pre_pnl_mechanics_correction_20260729t152317_2e7e81b6; reviewed reason: Refresh immutable v02 to eliminate legacy one-contract declarations outside the event sizing block. Freeze core contracts, the prop contract ceiling, and Monte Carlo fixed-contract sizing at two so every downstream stage remains consistent with the reviewed one-contract TP1 plus one-contract TP2 mechanic. No strategy signal, replay event, or performance result informed this consistency correction.",frozen in follow-up strategy_spec.yaml,es_databento_trade_events_20250714_20260610_0930_1100_ny,research/campaigns/active/yush_orderflow_range/follow_up_attempts/pre_pnl_mechanics_correction_20260729t152518_6515a6e7/v01/config.yaml,,follow_up_attempt/pre_pnl_mechanics_correction_20260729t152518_6515a6e7,planned,TEST,,none
2026-07-29T15:25:21.596258+00:00,yush_orderflow_range,v02,ES,1m,"During balanced ES morning auctions, a retest of a developing value-area edge that overlaps a prior liquidity reference and then attracts fresh one-sided trade activity may reverse toward fair value.","Explicit pre_pnl_mechanics_correction from pre_pnl_mechanics_correction_20260729t152317_2e7e81b6; reviewed reason: Refresh immutable v02 to eliminate legacy one-contract declarations outside the event sizing block. Freeze core contracts, the prop contract ceiling, and Monte Carlo fixed-contract sizing at two so every downstream stage remains consistent with the reviewed one-contract TP1 plus one-contract TP2 mechanic. No strategy signal, replay event, or performance result informed this consistency correction.",frozen in follow-up strategy_spec.yaml,es_sierra_yush_events_20110815_20260529_full_rth_ny_inv02,research/campaigns/active/yush_orderflow_range/follow_up_attempts/pre_pnl_mechanics_correction_20260729t152518_6515a6e7/v02/config.yaml,,follow_up_attempt/pre_pnl_mechanics_correction_20260729t152518_6515a6e7,planned,TEST,,none
2026-07-29T16:41:14.783444+00:00,yush_orderflow_range,v01,ES,1m,"During balanced ES morning auctions, a retest of a developing value-area edge that overlaps a prior liquidity reference and then attracts fresh one-sided trade activity may reverse toward fair value.","Explicit pre_pnl_mechanics_correction from pre_pnl_mechanics_correction_20260729t152518_6515a6e7; reviewed reason: Apply the user-authorized pre-PnL v02 simplification before manual mechanics approval and before any performance stage: use the exact frozen VAH or VAL with either a prior-20-session q99.5 large-execution footprint or top-decile developing delta; replace the balanced/undefined state machine with a direction-aligned breakout-trend veto; retain only a two-tick minimum sweep and causal close-back-inside confirmation; remove the generic cooldown, maximum sweep, diagnostic-only aggression gate, daily trade cap, and core daily-loss gate. The q99.5 threshold was selected as an ex-ante definition of exceptional activity and not from PnL, profitability, or holdout results.",frozen in follow-up strategy_spec.yaml,es_databento_trade_events_20250714_20260610_0930_1100_ny,research/campaigns/active/yush_orderflow_range/follow_up_attempts/pre_pnl_mechanics_correction_20260729t164111_8214b4ba/v01/config.yaml,,follow_up_attempt/pre_pnl_mechanics_correction_20260729t164111_8214b4ba,planned,TEST,,none
2026-07-29T16:41:14.783444+00:00,yush_orderflow_range,v02,ES,1m,"During balanced ES morning auctions, a retest of a developing value-area edge that overlaps a prior liquidity reference and then attracts fresh one-sided trade activity may reverse toward fair value.","Explicit pre_pnl_mechanics_correction from pre_pnl_mechanics_correction_20260729t152518_6515a6e7; reviewed reason: Apply the user-authorized pre-PnL v02 simplification before manual mechanics approval and before any performance stage: use the exact frozen VAH or VAL with either a prior-20-session q99.5 large-execution footprint or top-decile developing delta; replace the balanced/undefined state machine with a direction-aligned breakout-trend veto; retain only a two-tick minimum sweep and causal close-back-inside confirmation; remove the generic cooldown, maximum sweep, diagnostic-only aggression gate, daily trade cap, and core daily-loss gate. The q99.5 threshold was selected as an ex-ante definition of exceptional activity and not from PnL, profitability, or holdout results.",frozen in follow-up strategy_spec.yaml,es_sierra_yush_events_20110815_20260529_full_rth_ny_inv02,research/campaigns/active/yush_orderflow_range/follow_up_attempts/pre_pnl_mechanics_correction_20260729t164111_8214b4ba/v02/config.yaml,,follow_up_attempt/pre_pnl_mechanics_correction_20260729t164111_8214b4ba,planned,TEST,,none
2026-07-29T16:44:38.843543+00:00,yush_orderflow_range,v01,ES,1m,"During balanced ES morning auctions, a retest of a developing value-area edge that overlaps a prior liquidity reference and then attracts fresh one-sided trade activity may reverse toward fair value.","Explicit pre_pnl_mechanics_correction from pre_pnl_mechanics_correction_20260729t164111_8214b4ba; reviewed reason: Refresh immutable v02 after the mechanics replay exposed a result-invariant validation-classification defect: the exit reason post_target_1_stop was simultaneously classified as a target exit because it contained the word target, causing the target-touch check to compare the protective-stop fill against TP2. Classify any explicit stop reason as stop-only before target matching and bind that validator to certification v23. Strategy signals, trade count, entry and exit events, prices, stops, targets, sizing, costs, and PnL are unchanged; no performance result informed this correction.",frozen in follow-up strategy_spec.yaml,es_databento_trade_events_20250714_20260610_0930_1100_ny,research/campaigns/active/yush_orderflow_range/follow_up_attempts/pre_pnl_mechanics_correction_20260729t164435_09d5bf0b/v01/config.yaml,,follow_up_attempt/pre_pnl_mechanics_correction_20260729t164435_09d5bf0b,planned,TEST,,none
2026-07-29T16:44:38.843543+00:00,yush_orderflow_range,v02,ES,1m,"During balanced ES morning auctions, a retest of a developing value-area edge that overlaps a prior liquidity reference and then attracts fresh one-sided trade activity may reverse toward fair value.","Explicit pre_pnl_mechanics_correction from pre_pnl_mechanics_correction_20260729t164111_8214b4ba; reviewed reason: Refresh immutable v02 after the mechanics replay exposed a result-invariant validation-classification defect: the exit reason post_target_1_stop was simultaneously classified as a target exit because it contained the word target, causing the target-touch check to compare the protective-stop fill against TP2. Classify any explicit stop reason as stop-only before target matching and bind that validator to certification v23. Strategy signals, trade count, entry and exit events, prices, stops, targets, sizing, costs, and PnL are unchanged; no performance result informed this correction.",frozen in follow-up strategy_spec.yaml,es_sierra_yush_events_20110815_20260529_full_rth_ny_inv02,research/campaigns/active/yush_orderflow_range/follow_up_attempts/pre_pnl_mechanics_correction_20260729t164435_09d5bf0b/v02/config.yaml,,follow_up_attempt/pre_pnl_mechanics_correction_20260729t164435_09d5bf0b,planned,TEST,,none
2026-08-01T05:09:20.294021+00:00,yush_orderflow_range,v01,ES,1m,"During balanced ES morning auctions, a retest of a developing value-area edge that overlaps a prior liquidity reference and then attracts fresh one-sided trade activity may reverse toward fair value.","Explicit pre_pnl_mechanics_correction from pre_pnl_mechanics_correction_20260729t164435_09d5bf0b; reviewed reason: Correct v02 before performance testing so developing value uses the published MotiveWave Standard two-row-pair expansion with four-tick ES rows and displayed VAL/VAH boundary semantics. Preserve the included boundary row for delta qualification, recertify as implementation v24, and require fresh mechanics evidence and human MotiveWave reconciliation; no performance result informed this correction.",frozen in follow-up strategy_spec.yaml,es_databento_trade_events_20250714_20260610_0930_1100_ny,research/campaigns/active/yush_orderflow_range/follow_up_attempts/pre_pnl_mechanics_correction_20260801t050917_eb8e278f/v01/config.yaml,,follow_up_attempt/pre_pnl_mechanics_correction_20260801t050917_eb8e278f,planned,TEST,,none
2026-08-01T05:09:20.294021+00:00,yush_orderflow_range,v02,ES,1m,"During balanced ES morning auctions, a retest of a developing value-area edge that overlaps a prior liquidity reference and then attracts fresh one-sided trade activity may reverse toward fair value.","Explicit pre_pnl_mechanics_correction from pre_pnl_mechanics_correction_20260729t164435_09d5bf0b; reviewed reason: Correct v02 before performance testing so developing value uses the published MotiveWave Standard two-row-pair expansion with four-tick ES rows and displayed VAL/VAH boundary semantics. Preserve the included boundary row for delta qualification, recertify as implementation v24, and require fresh mechanics evidence and human MotiveWave reconciliation; no performance result informed this correction.",frozen in follow-up strategy_spec.yaml,es_sierra_yush_events_20110815_20260529_full_rth_ny_inv02,research/campaigns/active/yush_orderflow_range/follow_up_attempts/pre_pnl_mechanics_correction_20260801t050917_eb8e278f/v02/config.yaml,,follow_up_attempt/pre_pnl_mechanics_correction_20260801t050917_eb8e278f,planned,TEST,,none
2026-08-01T09:11:21.017994+00:00,yush_orderflow_range,v02,ES,3m,yush_adaptive_orderflow_range,entry=yush_adaptive_orderflow_range; stop=event_sweep_structural_stop; target=event_value_area_scale_out,{},{},research/campaigns/active/yush_orderflow_range/follow_up_attempts/pre_pnl_mechanics_correction_20260801t050917_eb8e278f/v02/config.yaml,research/evidence/runs/yush_orderflow_range/v02/ES/attempt_pre_pnl_mechanics_correction_20260801t050917_eb8e278f/studio_incomplete_attempt.json,incomplete_studio_attempt,NEEDS MANUAL REVIEW,MANUAL_REVIEW_REQUIRED,"RuntimeError: declared campaign runner exited 1: Traceback (most recent call last): File '<frozen runpy>', line 198, in _run_module_as_main File '<frozen runpy>', line 88, in _run_code File '/Users/yx/Desktop/alphaquest-research-engine/src/alphaquest/run_campaign_stages.py', line 93, in <module> main() File '/Users/yx/Desktop/alphaquest-research-engine/src/alphaquest/run_campaign_stages.py', line 65, in main summary = run_campaign_stage_tests( File '/Users/yx/Desktop/alphaquest-research-engine/src/alphaquest/research/campaign_stages.py', line 585, in run_campaign_stage_tests require_prior_variant_approvals(cfg, config_path) File '/Users/yx/Desktop/alphaquest-research-engine/src/alphaquest/validation/promotion_gate.py', line 430, in require_prior_variant_approvals raise ValueError( ValueError: Campaign sequencing gate failed; prior variants require completed mechanics approval: - v01: BLOCKED",pre_pnl_mechanics_correction
2026-08-01T09:13:36.690476+00:00,yush_orderflow_range,v02,ES,1m,"During balanced ES morning auctions, a retest of a developing value-area edge that overlaps a prior liquidity reference and then attracts fresh one-sided trade activity may reverse toward fair value.","Explicit replication from pre_pnl_mechanics_correction_20260801t050917_eb8e278f; reviewed reason: Create an exact v02-only operational replication after the prior full-suite submission exposed incorrect cross-variant execution gates before any performance stage ran. Preserve v02 mechanics, data, parameters, methodology, costs, hashes, and scientific thresholds unchanged; v01 remains only the earlier terminal campaign variant and is not copied as execution lineage.",frozen in follow-up strategy_spec.yaml,es_sierra_yush_events_20110815_20260529_full_rth_ny_inv02,research/campaigns/active/yush_orderflow_range/follow_up_attempts/replication_20260801t091334_0b854c07/v02/config.yaml,,follow_up_attempt/replication_20260801t091334_0b854c07,planned,TEST,,none
2026-08-01T09:35:33.019074+00:00,yush_orderflow_range,v02,ES,3m,yush_adaptive_orderflow_range,entry=yush_adaptive_orderflow_range; stop=event_sweep_structural_stop; target=event_value_area_scale_out,{},{},research/campaigns/active/yush_orderflow_range/follow_up_attempts/replication_20260801t091334_0b854c07/v02/config.yaml,research/evidence/runs/yush_orderflow_range/v02/ES/attempt_replication_20260801t091334_0b854c07/studio_incomplete_attempt.json,incomplete_studio_attempt,NEEDS MANUAL REVIEW,MANUAL_REVIEW_REQUIRED,RuntimeError: declared campaign runner exited -9: limited core preparation [----------------------------] 0/1   0% | loading and validating the declared stage window,replication
2026-08-01T09:49:35.602441+00:00,yush_orderflow_range,v02,ES,1m,"During balanced ES morning auctions, a retest of a developing value-area edge that overlaps a prior liquidity reference and then attracts fresh one-sided trade activity may reverse toward fair value.","Explicit pre_pnl_parameter_declaration from replication_20260801t091334_0b854c07; reviewed reason: Predeclare a compact regime-robust parameter grid before any v02 performance stage. The grid preserves the institutional-footprint failed-auction edge while varying only sweep depth, confirmation speed, ATR stop admissibility, and maximum rotation time.",frozen in follow-up strategy_spec.yaml,es_sierra_yush_events_20110815_20260529_full_rth_ny_inv02,research/campaigns/active/yush_orderflow_range/follow_up_attempts/pre_pnl_parameter_declaration_20260801t094933_50562360/v02/config.yaml,,follow_up_attempt/pre_pnl_parameter_declaration_20260801t094933_50562360,planned,TEST,,none
2026-08-01T13:59:09.285071+00:00,yush_orderflow_range,v02,ES,3m,yush_adaptive_orderflow_range,entry=yush_adaptive_orderflow_range; stop=event_sweep_structural_stop; target=event_value_area_scale_out,"{""event.params.failure_confirmation_bars"": [2, 3], ""event.params.maximum_holding_bars"": [8, 12, 16], ""event.params.maximum_stop_atr_multiple"": [1.0, 1.25, 1.5], ""event.params.sweep_minimum_ticks"": [2, 4, 6]}",{},research/campaigns/active/yush_orderflow_range/follow_up_attempts/pre_pnl_parameter_declaration_20260801t094933_50562360/v02/config.yaml,research/evidence/runs/yush_orderflow_range/v02/ES/attempt_pre_pnl_parameter_declaration_20260801t094933_50562360/studio_incomplete_attempt.json,incomplete_studio_attempt,NEEDS MANUAL REVIEW,MANUAL_REVIEW_REQUIRED,RuntimeError: declared campaign runner exited -9: limited core preparation [----------------------------] 0/1   0% | loading and validating the declared stage window,pre_pnl_parameter_declaration
2026-08-01T18:20:34.464505+00:00,yush_orderflow_range,v02,ES,1m,"During balanced ES morning auctions, a retest of a developing value-area edge that overlaps a prior liquidity reference and then attracts fresh one-sided trade activity may reverse toward fair value.","Explicit replication from pre_pnl_parameter_declaration_20260801t094933_50562360; reviewed reason: The predecessor attempt terminated during data preparation before producing any P&L because canonical Sierra events were redundantly materialized in memory instead of being session-streamed. The runner has been corrected without changing the frozen strategy mechanics, parameter grid, dataset, execution assumptions, test windows, or acceptance criteria. This exact replication tests the original preregistered hypothesis while removing only the operational infrastructure failure, preserving comparability and preventing result-informed modification.",frozen in follow-up strategy_spec.yaml,es_sierra_yush_events_20110815_20260529_full_rth_ny_inv02,research/campaigns/active/yush_orderflow_range/follow_up_attempts/replication_20260801t182032_f6f41448/v02/config.yaml,,follow_up_attempt/replication_20260801t182032_f6f41448,planned,TEST,,none
2026-08-01T22:35:19.006396+00:00,yush_orderflow_range,v02,ES,3m,yush_adaptive_orderflow_range,entry=yush_adaptive_orderflow_range; stop=event_sweep_structural_stop; target=event_value_area_scale_out,"{""event.params.failure_confirmation_bars"": [2, 3], ""event.params.maximum_holding_bars"": [8, 12, 16], ""event.params.maximum_stop_atr_multiple"": [1.0, 1.25, 1.5], ""event.params.sweep_minimum_ticks"": [2, 4, 6]}",{},research/campaigns/active/yush_orderflow_range/follow_up_attempts/replication_20260801t182032_f6f41448/v02/config.yaml,research/evidence/runs/yush_orderflow_range/v02/ES/attempt_replication_20260801t182032_f6f41448/reporting_v2/result_bundle_v2.json,full_staged_methodology,FAIL,REJECT,actual 0.2222222222222222 did not meet required >= 0.7,replication
2026-08-03T04:47:00.291797+00:00,yush_orderflow_range,v03,ES,3m,"During balanced ES morning auctions, a retest of a developing value-area edge that overlaps a prior liquidity reference and then attracts fresh one-sided trade activity may reverse toward fair value.","Retain the same failed-auction return-to-fair-value edge while allowing independent opportunities through fresh footprint identities, explicit inside-to-outside crossings, and causal AOI expiry. Normalize sweep, reclaim, structural stop, and trend distances by the ATR known at each completed bar.",9 predeclared combination(s),es_sierra_yush_events_20110815_20260529_full_rth_ny_inv02,research/campaigns/active/yush_orderflow_range/variants/v03/config.yaml,,stage_1,planned,TEST,,none
2026-08-09T04:48:48.519286+00:00,yush_orderflow_range,v01,ES,3m,"During balanced ES morning auctions, a retest of a developing value-area edge that overlaps a prior liquidity reference and then attracts fresh one-sided trade activity may reverse toward fair value.","Explicit pre_pnl_mechanics_correction from original; reviewed reason: Before any v03 performance stage, correct the causal sweep crossing, AOI persistence, auction warmup, and reward-admissibility mechanics identified by the user review. Bind the reviewed implementation version 2 without changing the economic edge or any historical v03 evidence.",frozen in follow-up strategy_spec.yaml,es_databento_trade_events_20250714_20260610_0930_1100_ny,research/campaigns/active/yush_orderflow_range/follow_up_attempts/pre_pnl_mechanics_correction_20260809t044845_5d30b3e3/v01/config.yaml,,follow_up_attempt/pre_pnl_mechanics_correction_20260809t044845_5d30b3e3,planned,TEST,,none
2026-08-09T04:48:48.519286+00:00,yush_orderflow_range,v02,ES,3m,"During balanced ES morning auctions, a retest of a developing value-area edge that overlaps a prior liquidity reference and then attracts fresh one-sided trade activity may reverse toward fair value.","Explicit pre_pnl_mechanics_correction from original; reviewed reason: Before any v03 performance stage, correct the causal sweep crossing, AOI persistence, auction warmup, and reward-admissibility mechanics identified by the user review. Bind the reviewed implementation version 2 without changing the economic edge or any historical v03 evidence.",frozen in follow-up strategy_spec.yaml,es_sierra_yush_events_20110815_20260529_0930_1100_ny_inv02,research/campaigns/active/yush_orderflow_range/follow_up_attempts/pre_pnl_mechanics_correction_20260809t044845_5d30b3e3/v02/config.yaml,,follow_up_attempt/pre_pnl_mechanics_correction_20260809t044845_5d30b3e3,planned,TEST,,none
2026-08-09T04:48:48.519286+00:00,yush_orderflow_range,v03,ES,3m,"During balanced ES morning auctions, a retest of a developing value-area edge that overlaps a prior liquidity reference and then attracts fresh one-sided trade activity may reverse toward fair value.","Explicit pre_pnl_mechanics_correction from original; reviewed reason: Before any v03 performance stage, correct the causal sweep crossing, AOI persistence, auction warmup, and reward-admissibility mechanics identified by the user review. Bind the reviewed implementation version 2 without changing the economic edge or any historical v03 evidence.",frozen in follow-up strategy_spec.yaml,es_sierra_yush_events_20110815_20260529_full_rth_ny_inv02,research/campaigns/active/yush_orderflow_range/follow_up_attempts/pre_pnl_mechanics_correction_20260809t044845_5d30b3e3/v03/config.yaml,,follow_up_attempt/pre_pnl_mechanics_correction_20260809t044845_5d30b3e3,planned,TEST,,none
2026-08-09T04:49:07.255213+00:00,yush_orderflow_range,v01,ES,3m,"During balanced ES morning auctions, a retest of a developing value-area edge that overlaps a prior liquidity reference and then attracts fresh one-sided trade activity may reverse toward fair value.","Explicit pre_pnl_parameter_declaration from pre_pnl_mechanics_correction_20260809t044845_5d30b3e3; reviewed reason: Before generating corrected v03 mechanics evidence or any performance result, predeclare the reviewed 54-combination regime-robust grid. It varies only two entry dimensions, one stop dimension, and one target dimension while retaining every reviewed default.",frozen in follow-up strategy_spec.yaml,es_databento_trade_events_20250714_20260610_0930_1100_ny,research/campaigns/active/yush_orderflow_range/follow_up_attempts/pre_pnl_parameter_declaration_20260809t044903_a27fb2a0/v01/config.yaml,,follow_up_attempt/pre_pnl_parameter_declaration_20260809t044903_a27fb2a0,planned,TEST,,none
2026-08-09T04:49:07.255213+00:00,yush_orderflow_range,v02,ES,3m,"During balanced ES morning auctions, a retest of a developing value-area edge that overlaps a prior liquidity reference and then attracts fresh one-sided trade activity may reverse toward fair value.","Explicit pre_pnl_parameter_declaration from pre_pnl_mechanics_correction_20260809t044845_5d30b3e3; reviewed reason: Before generating corrected v03 mechanics evidence or any performance result, predeclare the reviewed 54-combination regime-robust grid. It varies only two entry dimensions, one stop dimension, and one target dimension while retaining every reviewed default.",frozen in follow-up strategy_spec.yaml,es_sierra_yush_events_20110815_20260529_0930_1100_ny_inv02,research/campaigns/active/yush_orderflow_range/follow_up_attempts/pre_pnl_parameter_declaration_20260809t044903_a27fb2a0/v02/config.yaml,,follow_up_attempt/pre_pnl_parameter_declaration_20260809t044903_a27fb2a0,planned,TEST,,none
2026-08-09T04:49:07.255213+00:00,yush_orderflow_range,v03,ES,3m,"During balanced ES morning auctions, a retest of a developing value-area edge that overlaps a prior liquidity reference and then attracts fresh one-sided trade activity may reverse toward fair value.","Explicit pre_pnl_parameter_declaration from pre_pnl_mechanics_correction_20260809t044845_5d30b3e3; reviewed reason: Before generating corrected v03 mechanics evidence or any performance result, predeclare the reviewed 54-combination regime-robust grid. It varies only two entry dimensions, one stop dimension, and one target dimension while retaining every reviewed default.",frozen in follow-up strategy_spec.yaml,es_sierra_yush_events_20110815_20260529_full_rth_ny_inv02,research/campaigns/active/yush_orderflow_range/follow_up_attempts/pre_pnl_parameter_declaration_20260809t044903_a27fb2a0/v03/config.yaml,,follow_up_attempt/pre_pnl_parameter_declaration_20260809t044903_a27fb2a0,planned,TEST,,none
2026-08-10T04:24:34.196326+00:00,yush_orderflow_range,v01,ES,3m,"During balanced ES morning auctions, a retest of a developing value-area edge that overlaps a prior liquidity reference and then attracts fresh one-sided trade activity may reverse toward fair value.","Explicit pre_pnl_mechanics_correction from pre_pnl_parameter_declaration_20260809t044903_a27fb2a0; reviewed reason: Before any v03 performance stage, replace the unsupported sixty-tick absolute stop ceiling and two-ES sixteen-hundred-dollar sizing design. Preserve the structural stop beyond the observed sweep extreme and the causal ATR eligibility ceiling, derive a fixed two-hundred-dollar account-risk cap from a two-thousand-dollar drawdown less a four-hundred-dollar reserve across eight stopouts, size at most one ES contract, reject unaffordable fills, and exit the single contract at frozen POC. Prior mechanics evidence is retired and no PnL result informed this correction.",frozen in follow-up strategy_spec.yaml,es_databento_trade_events_20250714_20260610_0930_1100_ny,research/campaigns/active/yush_orderflow_range/follow_up_attempts/pre_pnl_mechanics_correction_20260810t042430_aa3a3240/v01/config.yaml,,follow_up_attempt/pre_pnl_mechanics_correction_20260810t042430_aa3a3240,planned,TEST,,none
2026-08-10T04:24:34.196326+00:00,yush_orderflow_range,v02,ES,3m,"During balanced ES morning auctions, a retest of a developing value-area edge that overlaps a prior liquidity reference and then attracts fresh one-sided trade activity may reverse toward fair value.","Explicit pre_pnl_mechanics_correction from pre_pnl_parameter_declaration_20260809t044903_a27fb2a0; reviewed reason: Before any v03 performance stage, replace the unsupported sixty-tick absolute stop ceiling and two-ES sixteen-hundred-dollar sizing design. Preserve the structural stop beyond the observed sweep extreme and the causal ATR eligibility ceiling, derive a fixed two-hundred-dollar account-risk cap from a two-thousand-dollar drawdown less a four-hundred-dollar reserve across eight stopouts, size at most one ES contract, reject unaffordable fills, and exit the single contract at frozen POC. Prior mechanics evidence is retired and no PnL result informed this correction.",frozen in follow-up strategy_spec.yaml,es_sierra_yush_events_20110815_20260529_0930_1100_ny_inv02,research/campaigns/active/yush_orderflow_range/follow_up_attempts/pre_pnl_mechanics_correction_20260810t042430_aa3a3240/v02/config.yaml,,follow_up_attempt/pre_pnl_mechanics_correction_20260810t042430_aa3a3240,planned,TEST,,none
2026-08-10T04:24:34.196326+00:00,yush_orderflow_range,v03,ES,3m,"During balanced ES morning auctions, a retest of a developing value-area edge that overlaps a prior liquidity reference and then attracts fresh one-sided trade activity may reverse toward fair value.","Explicit pre_pnl_mechanics_correction from pre_pnl_parameter_declaration_20260809t044903_a27fb2a0; reviewed reason: Before any v03 performance stage, replace the unsupported sixty-tick absolute stop ceiling and two-ES sixteen-hundred-dollar sizing design. Preserve the structural stop beyond the observed sweep extreme and the causal ATR eligibility ceiling, derive a fixed two-hundred-dollar account-risk cap from a two-thousand-dollar drawdown less a four-hundred-dollar reserve across eight stopouts, size at most one ES contract, reject unaffordable fills, and exit the single contract at frozen POC. Prior mechanics evidence is retired and no PnL result informed this correction.",frozen in follow-up strategy_spec.yaml,es_sierra_yush_events_20110815_20260529_full_rth_ny_inv02,research/campaigns/active/yush_orderflow_range/follow_up_attempts/pre_pnl_mechanics_correction_20260810t042430_aa3a3240/v03/config.yaml,,follow_up_attempt/pre_pnl_mechanics_correction_20260810t042430_aa3a3240,planned,TEST,,none
2026-08-10T04:24:53.174855+00:00,yush_orderflow_range,v01,ES,3m,"During balanced ES morning auctions, a retest of a developing value-area edge that overlaps a prior liquidity reference and then attracts fresh one-sided trade activity may reverse toward fair value.","Explicit pre_pnl_parameter_declaration from pre_pnl_mechanics_correction_20260810t042430_aa3a3240; reviewed reason: Before generating corrected v03 mechanics evidence or any performance result, predeclare the reviewed fifty-four-combination ATR-normalized grid for the one-ES, frozen-POC execution. Retain the two entry dimensions and one stop dimension from the parent design, replace the retired two-target weighted-reward dimension with the POC-only reward threshold, and include every reviewed default. The fixed two-hundred-dollar account-risk policy is not tunable.",frozen in follow-up strategy_spec.yaml,es_databento_trade_events_20250714_20260610_0930_1100_ny,research/campaigns/active/yush_orderflow_range/follow_up_attempts/pre_pnl_parameter_declaration_20260810t042449_1811853e/v01/config.yaml,,follow_up_attempt/pre_pnl_parameter_declaration_20260810t042449_1811853e,planned,TEST,,none
2026-08-10T04:24:53.174855+00:00,yush_orderflow_range,v02,ES,3m,"During balanced ES morning auctions, a retest of a developing value-area edge that overlaps a prior liquidity reference and then attracts fresh one-sided trade activity may reverse toward fair value.","Explicit pre_pnl_parameter_declaration from pre_pnl_mechanics_correction_20260810t042430_aa3a3240; reviewed reason: Before generating corrected v03 mechanics evidence or any performance result, predeclare the reviewed fifty-four-combination ATR-normalized grid for the one-ES, frozen-POC execution. Retain the two entry dimensions and one stop dimension from the parent design, replace the retired two-target weighted-reward dimension with the POC-only reward threshold, and include every reviewed default. The fixed two-hundred-dollar account-risk policy is not tunable.",frozen in follow-up strategy_spec.yaml,es_sierra_yush_events_20110815_20260529_0930_1100_ny_inv02,research/campaigns/active/yush_orderflow_range/follow_up_attempts/pre_pnl_parameter_declaration_20260810t042449_1811853e/v02/config.yaml,,follow_up_attempt/pre_pnl_parameter_declaration_20260810t042449_1811853e,planned,TEST,,none
2026-08-10T04:24:53.174855+00:00,yush_orderflow_range,v03,ES,3m,"During balanced ES morning auctions, a retest of a developing value-area edge that overlaps a prior liquidity reference and then attracts fresh one-sided trade activity may reverse toward fair value.","Explicit pre_pnl_parameter_declaration from pre_pnl_mechanics_correction_20260810t042430_aa3a3240; reviewed reason: Before generating corrected v03 mechanics evidence or any performance result, predeclare the reviewed fifty-four-combination ATR-normalized grid for the one-ES, frozen-POC execution. Retain the two entry dimensions and one stop dimension from the parent design, replace the retired two-target weighted-reward dimension with the POC-only reward threshold, and include every reviewed default. The fixed two-hundred-dollar account-risk policy is not tunable.",frozen in follow-up strategy_spec.yaml,es_sierra_yush_events_20110815_20260529_full_rth_ny_inv02,research/campaigns/active/yush_orderflow_range/follow_up_attempts/pre_pnl_parameter_declaration_20260810t042449_1811853e/v03/config.yaml,,follow_up_attempt/pre_pnl_parameter_declaration_20260810t042449_1811853e,planned,TEST,,none
2026-08-12T08:52:12.986203+00:00,yush_orderflow_range,v01,ES,3m,"During balanced ES morning auctions, a retest of a developing value-area edge that overlaps a prior liquidity reference and then attracts fresh one-sided trade activity may reverse toward fair value.","Explicit pre_pnl_mechanics_correction from pre_pnl_parameter_declaration_20260810t042449_1811853e; reviewed reason: Before any v03 performance run or manual mechanics approval, replace the one-ES fixed-dollar affordability gate with MES execution economics and variable sizing at 0.4 percent of current net liquidation. Floor quantity and reject a mechanically valid signal only when one MES, including reviewed commission and stop-slippage allowance, exceeds the risk ceiling. Retain ES as the order-flow signal source and begin executable evidence no earlier than the MES launch.",frozen in follow-up strategy_spec.yaml,es_databento_trade_events_20250714_20260610_0930_1100_ny,research/campaigns/active/yush_orderflow_range/follow_up_attempts/pre_pnl_mechanics_correction_20260812t085209_1799aa43/v01/config.yaml,,follow_up_attempt/pre_pnl_mechanics_correction_20260812t085209_1799aa43,planned,TEST,,none
2026-08-12T08:52:12.986203+00:00,yush_orderflow_range,v02,ES,3m,"During balanced ES morning auctions, a retest of a developing value-area edge that overlaps a prior liquidity reference and then attracts fresh one-sided trade activity may reverse toward fair value.","Explicit pre_pnl_mechanics_correction from pre_pnl_parameter_declaration_20260810t042449_1811853e; reviewed reason: Before any v03 performance run or manual mechanics approval, replace the one-ES fixed-dollar affordability gate with MES execution economics and variable sizing at 0.4 percent of current net liquidation. Floor quantity and reject a mechanically valid signal only when one MES, including reviewed commission and stop-slippage allowance, exceeds the risk ceiling. Retain ES as the order-flow signal source and begin executable evidence no earlier than the MES launch.",frozen in follow-up strategy_spec.yaml,es_sierra_yush_events_20110815_20260529_0930_1100_ny_inv02,research/campaigns/active/yush_orderflow_range/follow_up_attempts/pre_pnl_mechanics_correction_20260812t085209_1799aa43/v02/config.yaml,,follow_up_attempt/pre_pnl_mechanics_correction_20260812t085209_1799aa43,planned,TEST,,none
2026-08-12T08:52:12.986203+00:00,yush_orderflow_range,v03,ES,3m,"During balanced ES morning auctions, a retest of a developing value-area edge that overlaps a prior liquidity reference and then attracts fresh one-sided trade activity may reverse toward fair value.","Explicit pre_pnl_mechanics_correction from pre_pnl_parameter_declaration_20260810t042449_1811853e; reviewed reason: Before any v03 performance run or manual mechanics approval, replace the one-ES fixed-dollar affordability gate with MES execution economics and variable sizing at 0.4 percent of current net liquidation. Floor quantity and reject a mechanically valid signal only when one MES, including reviewed commission and stop-slippage allowance, exceeds the risk ceiling. Retain ES as the order-flow signal source and begin executable evidence no earlier than the MES launch.",frozen in follow-up strategy_spec.yaml,es_sierra_yush_events_20110815_20260529_full_rth_ny_inv02,research/campaigns/active/yush_orderflow_range/follow_up_attempts/pre_pnl_mechanics_correction_20260812t085209_1799aa43/v03/config.yaml,,follow_up_attempt/pre_pnl_mechanics_correction_20260812t085209_1799aa43,planned,TEST,,none
2026-08-12T08:53:34.888772+00:00,yush_orderflow_range,v01,ES,3m,"During balanced ES morning auctions, a retest of a developing value-area edge that overlaps a prior liquidity reference and then attracts fresh one-sided trade activity may reverse toward fair value.","Explicit pre_pnl_mechanics_correction from pre_pnl_mechanics_correction_20260812t085209_1799aa43; reviewed reason: The first MES-sizing mechanics run failed closed before replay because current-net-liquidation sizing is chronologically path-dependent and cannot use the session-parallel executor. Refresh the certified v03 implementation so equity-dependent sizing is replayed sequentially in session order, while session-independent sizing retains deterministic parallel execution. No PnL or completed mechanics evidence from the parent is reused.",frozen in follow-up strategy_spec.yaml,es_databento_trade_events_20250714_20260610_0930_1100_ny,research/campaigns/active/yush_orderflow_range/follow_up_attempts/pre_pnl_mechanics_correction_20260812t085331_3656c439/v01/config.yaml,,follow_up_attempt/pre_pnl_mechanics_correction_20260812t085331_3656c439,planned,TEST,,none
2026-08-12T08:53:34.888772+00:00,yush_orderflow_range,v02,ES,3m,"During balanced ES morning auctions, a retest of a developing value-area edge that overlaps a prior liquidity reference and then attracts fresh one-sided trade activity may reverse toward fair value.","Explicit pre_pnl_mechanics_correction from pre_pnl_mechanics_correction_20260812t085209_1799aa43; reviewed reason: The first MES-sizing mechanics run failed closed before replay because current-net-liquidation sizing is chronologically path-dependent and cannot use the session-parallel executor. Refresh the certified v03 implementation so equity-dependent sizing is replayed sequentially in session order, while session-independent sizing retains deterministic parallel execution. No PnL or completed mechanics evidence from the parent is reused.",frozen in follow-up strategy_spec.yaml,es_sierra_yush_events_20110815_20260529_0930_1100_ny_inv02,research/campaigns/active/yush_orderflow_range/follow_up_attempts/pre_pnl_mechanics_correction_20260812t085331_3656c439/v02/config.yaml,,follow_up_attempt/pre_pnl_mechanics_correction_20260812t085331_3656c439,planned,TEST,,none
2026-08-12T08:53:34.888772+00:00,yush_orderflow_range,v03,ES,3m,"During balanced ES morning auctions, a retest of a developing value-area edge that overlaps a prior liquidity reference and then attracts fresh one-sided trade activity may reverse toward fair value.","Explicit pre_pnl_mechanics_correction from pre_pnl_mechanics_correction_20260812t085209_1799aa43; reviewed reason: The first MES-sizing mechanics run failed closed before replay because current-net-liquidation sizing is chronologically path-dependent and cannot use the session-parallel executor. Refresh the certified v03 implementation so equity-dependent sizing is replayed sequentially in session order, while session-independent sizing retains deterministic parallel execution. No PnL or completed mechanics evidence from the parent is reused.",frozen in follow-up strategy_spec.yaml,es_sierra_yush_events_20110815_20260529_full_rth_ny_inv02,research/campaigns/active/yush_orderflow_range/follow_up_attempts/pre_pnl_mechanics_correction_20260812t085331_3656c439/v03/config.yaml,,follow_up_attempt/pre_pnl_mechanics_correction_20260812t085331_3656c439,planned,TEST,,none
2026-08-13T06:24:49.390229+00:00,yush_orderflow_range,v01,ES,3m,"During balanced ES morning auctions, a retest of a developing value-area edge that overlaps a prior liquidity reference and then attracts fresh one-sided trade activity may reverse toward fair value.","Explicit pre_pnl_mechanics_correction from pre_pnl_mechanics_correction_20260812t085331_3656c439; reviewed reason: Simplify v03 before any approved performance run by retaining only burst-qualified developing-value-edge failure, ordered sweep, one-tick reclaim, structural stop, frozen POC, and MES risk-percent sizing; retire delta, market-level, trend, drift, grace, and ATR reclaim-buffer mechanics.",frozen in follow-up strategy_spec.yaml,es_databento_trade_events_20250714_20260610_0930_1100_ny,research/campaigns/active/yush_orderflow_range/follow_up_attempts/pre_pnl_mechanics_correction_20260813t062445_a43389b9/v01/config.yaml,,follow_up_attempt/pre_pnl_mechanics_correction_20260813t062445_a43389b9,planned,TEST,,none
2026-08-13T06:24:49.390229+00:00,yush_orderflow_range,v02,ES,3m,"During balanced ES morning auctions, a retest of a developing value-area edge that overlaps a prior liquidity reference and then attracts fresh one-sided trade activity may reverse toward fair value.","Explicit pre_pnl_mechanics_correction from pre_pnl_mechanics_correction_20260812t085331_3656c439; reviewed reason: Simplify v03 before any approved performance run by retaining only burst-qualified developing-value-edge failure, ordered sweep, one-tick reclaim, structural stop, frozen POC, and MES risk-percent sizing; retire delta, market-level, trend, drift, grace, and ATR reclaim-buffer mechanics.",frozen in follow-up strategy_spec.yaml,es_sierra_yush_events_20110815_20260529_0930_1100_ny_inv02,research/campaigns/active/yush_orderflow_range/follow_up_attempts/pre_pnl_mechanics_correction_20260813t062445_a43389b9/v02/config.yaml,,follow_up_attempt/pre_pnl_mechanics_correction_20260813t062445_a43389b9,planned,TEST,,none
2026-08-13T06:24:49.390229+00:00,yush_orderflow_range,v03,ES,3m,"During balanced ES morning auctions, a retest of a developing value-area edge that overlaps a prior liquidity reference and then attracts fresh one-sided trade activity may reverse toward fair value.","Explicit pre_pnl_mechanics_correction from pre_pnl_mechanics_correction_20260812t085331_3656c439; reviewed reason: Simplify v03 before any approved performance run by retaining only burst-qualified developing-value-edge failure, ordered sweep, one-tick reclaim, structural stop, frozen POC, and MES risk-percent sizing; retire delta, market-level, trend, drift, grace, and ATR reclaim-buffer mechanics.",frozen in follow-up strategy_spec.yaml,es_sierra_yush_events_20110815_20260529_full_rth_ny_inv02,research/campaigns/active/yush_orderflow_range/follow_up_attempts/pre_pnl_mechanics_correction_20260813t062445_a43389b9/v03/config.yaml,,follow_up_attempt/pre_pnl_mechanics_correction_20260813t062445_a43389b9,planned,TEST,,none
2026-08-13T06:25:04.958016+00:00,yush_orderflow_range,v01,ES,3m,"During balanced ES morning auctions, a retest of a developing value-area edge that overlaps a prior liquidity reference and then attracts fresh one-sided trade activity may reverse toward fair value.","Explicit pre_pnl_parameter_declaration from pre_pnl_mechanics_correction_20260813t062445_a43389b9; reviewed reason: Predeclare a broad but bounded 60-combination walk-forward grid for simplified v03 before generating performance evidence: five volatility-normalized sweep distances, four causal burst-freshness horizons, and three structural-stop ATR ceilings; retain the reviewed defaults and fixed one-R POC exit.",frozen in follow-up strategy_spec.yaml,es_databento_trade_events_20250714_20260610_0930_1100_ny,research/campaigns/active/yush_orderflow_range/follow_up_attempts/pre_pnl_parameter_declaration_20260813t062501_19788967/v01/config.yaml,,follow_up_attempt/pre_pnl_parameter_declaration_20260813t062501_19788967,planned,TEST,,none
2026-08-13T06:25:04.958016+00:00,yush_orderflow_range,v02,ES,3m,"During balanced ES morning auctions, a retest of a developing value-area edge that overlaps a prior liquidity reference and then attracts fresh one-sided trade activity may reverse toward fair value.","Explicit pre_pnl_parameter_declaration from pre_pnl_mechanics_correction_20260813t062445_a43389b9; reviewed reason: Predeclare a broad but bounded 60-combination walk-forward grid for simplified v03 before generating performance evidence: five volatility-normalized sweep distances, four causal burst-freshness horizons, and three structural-stop ATR ceilings; retain the reviewed defaults and fixed one-R POC exit.",frozen in follow-up strategy_spec.yaml,es_sierra_yush_events_20110815_20260529_0930_1100_ny_inv02,research/campaigns/active/yush_orderflow_range/follow_up_attempts/pre_pnl_parameter_declaration_20260813t062501_19788967/v02/config.yaml,,follow_up_attempt/pre_pnl_parameter_declaration_20260813t062501_19788967,planned,TEST,,none
2026-08-13T06:25:04.958016+00:00,yush_orderflow_range,v03,ES,3m,"During balanced ES morning auctions, a retest of a developing value-area edge that overlaps a prior liquidity reference and then attracts fresh one-sided trade activity may reverse toward fair value.","Explicit pre_pnl_parameter_declaration from pre_pnl_mechanics_correction_20260813t062445_a43389b9; reviewed reason: Predeclare a broad but bounded 60-combination walk-forward grid for simplified v03 before generating performance evidence: five volatility-normalized sweep distances, four causal burst-freshness horizons, and three structural-stop ATR ceilings; retain the reviewed defaults and fixed one-R POC exit.",frozen in follow-up strategy_spec.yaml,es_sierra_yush_events_20110815_20260529_full_rth_ny_inv02,research/campaigns/active/yush_orderflow_range/follow_up_attempts/pre_pnl_parameter_declaration_20260813t062501_19788967/v03/config.yaml,,follow_up_attempt/pre_pnl_parameter_declaration_20260813t062501_19788967,planned,TEST,,none
2026-08-13T06:28:36.292632+00:00,yush_orderflow_range,v03,ES,3m,"During balanced ES morning auctions, a retest of a developing value-area edge that overlaps a prior liquidity reference and then attracts fresh one-sided trade activity may reverse toward fair value.","Explicit replication from pre_pnl_parameter_declaration_20260813t062501_19788967; reviewed reason: Exact replication after restarting the long-running Studio worker so it loads certified v03 implementation version 5; no mechanics, data, execution, or parameter-grid values change, and no terminal evidence from the cached-process preflight is reused.",frozen in follow-up strategy_spec.yaml,es_sierra_yush_events_20110815_20260529_full_rth_ny_inv02,research/campaigns/active/yush_orderflow_range/follow_up_attempts/replication_20260813t062833_f97fab79/v03/config.yaml,,follow_up_attempt/replication_20260813t062833_f97fab79,planned,TEST,,none
2026-08-13T13:10:30.538601+00:00,yush_orderflow_range,v03,ES,3m,"During balanced ES morning auctions, a retest of a developing value-area edge that overlaps a prior liquidity reference and then attracts fresh one-sided trade activity may reverse toward fair value.",Explicit pre_pnl_mechanics_correction from replication_20260813t062833_f97fab79; reviewed reason: Pre-PnL v03 mechanics correction authorized by the researcher: use one-tick MotiveWave Standard profile rows and require a prior-20-session q99.9 100 ms aggressive-volume cell with direction-matched outward location and at most six minutes of freshness; start the independent AOI lifetime when it arms.,frozen in follow-up strategy_spec.yaml,es_sierra_yush_events_20110815_20260529_full_rth_ny_inv02,research/campaigns/active/yush_orderflow_range/follow_up_attempts/pre_pnl_mechanics_correction_20260813t131027_2c171063/v03/config.yaml,,follow_up_attempt/pre_pnl_mechanics_correction_20260813t131027_2c171063,planned,TEST,,none
2026-08-13T13:13:24.653401+00:00,yush_orderflow_range,v03,ES,3m,"During balanced ES morning auctions, a retest of a developing value-area edge that overlaps a prior liquidity reference and then attracts fresh one-sided trade activity may reverse toward fair value.","Explicit pre_pnl_mechanics_correction from pre_pnl_mechanics_correction_20260813t131027_2c171063; reviewed reason: Pre-PnL provenance correction after the first version-6 mechanics export exposed an inherited 99.5th-percentile text label. Bind the review evidence to version 7, which reports the executable q99.9 aggressive-volume threshold without changing the one-tick profile, directional, spatial, freshness, sweep, stop, or exit rules.",frozen in follow-up strategy_spec.yaml,es_sierra_yush_events_20110815_20260529_full_rth_ny_inv02,research/campaigns/active/yush_orderflow_range/follow_up_attempts/pre_pnl_mechanics_correction_20260813t131321_f93c32e8/v03/config.yaml,,follow_up_attempt/pre_pnl_mechanics_correction_20260813t131321_f93c32e8,planned,TEST,,none
2026-08-13T13:57:43.768651+00:00,yush_orderflow_range,v03,ES,3m,"During balanced ES morning auctions, a retest of a developing value-area edge that overlaps a prior liquidity reference and then attracts fresh one-sided trade activity may reverse toward fair value.","Explicit pre_pnl_mechanics_correction from pre_pnl_mechanics_correction_20260813t131321_f93c32e8; reviewed reason: Pre-PnL v03 frequency correction authorized by the researcher: allow a genuinely newer qualifying burst to supersede only an unswept AOI, preserve active sweep immutability, replace the fixed 1.0R POC veto with positive net reward plus reporting, and record each AOI supersession and signal submission, block, rejection, or expiry.",frozen in follow-up strategy_spec.yaml,es_sierra_yush_events_20110815_20260529_full_rth_ny_inv02,research/campaigns/active/yush_orderflow_range/follow_up_attempts/pre_pnl_mechanics_correction_20260813t135739_7e8993ab/v03/config.yaml,,follow_up_attempt/pre_pnl_mechanics_correction_20260813t135739_7e8993ab,planned,TEST,,none
2026-08-13T13:57:49.522568+00:00,yush_orderflow_range,v03,ES,3m,"During balanced ES morning auctions, a retest of a developing value-area edge that overlaps a prior liquidity reference and then attracts fresh one-sided trade activity may reverse toward fair value.","Explicit pre_pnl_parameter_declaration from pre_pnl_mechanics_correction_20260813t135739_7e8993ab; reviewed reason: Pre-PnL frequency grid declared without using PnL: test all 60 combinations of four causal burst-freshness windows, five ATR-normalized sweep distances, and three ATR structural-stop ceilings. The reviewed defaults are included in every dimension.",frozen in follow-up strategy_spec.yaml,es_sierra_yush_events_20110815_20260529_full_rth_ny_inv02,research/campaigns/active/yush_orderflow_range/follow_up_attempts/pre_pnl_parameter_declaration_20260813t135746_99a51b35/v03/config.yaml,,follow_up_attempt/pre_pnl_parameter_declaration_20260813t135746_99a51b35,planned,TEST,,none
2026-08-13T14:01:04.487969+00:00,yush_orderflow_range,v03,ES,3m,"During balanced ES morning auctions, a retest of a developing value-area edge that overlaps a prior liquidity reference and then attracts fresh one-sided trade activity may reverse toward fair value.","Explicit pre_pnl_mechanics_correction from pre_pnl_parameter_declaration_20260813t135746_99a51b35; reviewed reason: Bind the predeclared 60-combination v03 frequency grid to certified implementation v9 after adding auditable AOI supersession, net-profitable POC eligibility, lifecycle diagnostics, and the exact-session mechanics validation contract; no PnL has been used.",frozen in follow-up strategy_spec.yaml,es_sierra_yush_events_20110815_20260529_full_rth_ny_inv02,research/campaigns/active/yush_orderflow_range/follow_up_attempts/pre_pnl_mechanics_correction_20260813t140101_9619fe01/v03/config.yaml,,follow_up_attempt/pre_pnl_mechanics_correction_20260813t140101_9619fe01,planned,TEST,,none
2026-08-13T14:01:15.712120+00:00,yush_orderflow_range,v03,ES,3m,"During balanced ES morning auctions, a retest of a developing value-area edge that overlaps a prior liquidity reference and then attracts fresh one-sided trade activity may reverse toward fair value.","Explicit methodology_rerun from pre_pnl_mechanics_correction_20260813t140101_9619fe01; reviewed reason: Generate fresh v03 mechanics evidence over the fixed first 200 eligible MES-era RTH sessions, without stopping when ten trades are reached and without using PnL to select mechanics.",frozen in follow-up strategy_spec.yaml,es_sierra_yush_events_20110815_20260529_full_rth_ny_inv02,research/campaigns/active/yush_orderflow_range/follow_up_attempts/methodology_rerun_20260813t140112_9c4dd0a8/v03/config.yaml,,follow_up_attempt/methodology_rerun_20260813t140112_9c4dd0a8,planned,TEST,,none
2026-08-14T08:48:10.027880+00:00,yush_orderflow_range,v03,ES,3m,"During balanced ES morning auctions, a retest of a developing value-area edge that overlaps a prior liquidity reference and then attracts fresh one-sided trade activity may reverse toward fair value.","Explicit methodology_rerun from methodology_rerun_20260813t140112_9c4dd0a8; reviewed reason: Replace the obsolete 200-session 2019-2020 mechanics-review window with the repository-owned latest 10 eligible 2026 sessions, and bind the already-tested v03 certification v11; preserve strategy mechanics, parameters, data, execution rules, and historical evidence.",frozen in follow-up strategy_spec.yaml,es_sierra_yush_events_20110815_20260529_full_rth_ny_inv02,research/campaigns/active/yush_orderflow_range/follow_up_attempts/methodology_rerun_20260814t084806_fe9c1f29/v03/config.yaml,,follow_up_attempt/methodology_rerun_20260814t084806_fe9c1f29,planned,TEST,,none
2026-08-14T08:53:02.017333+00:00,yush_orderflow_range,v03,ES,3m,"During balanced ES morning auctions, a retest of a developing value-area edge that overlaps a prior liquidity reference and then attracts fresh one-sided trade activity may reverse toward fair value.","Explicit methodology_rerun from methodology_rerun_20260814t084806_fe9c1f29; reviewed reason: Correct the repository mechanics-session contract after the prior operational run exposed interval expansion: persist and replay only the exact latest ten governed 2026 bar sessions, excluding non-eligible calendar dates while preserving the failed attempt unchanged.",frozen in follow-up strategy_spec.yaml,es_sierra_yush_events_20110815_20260529_full_rth_ny_inv02,research/campaigns/active/yush_orderflow_range/follow_up_attempts/methodology_rerun_20260814t085258_60cc16b0/v03/config.yaml,,follow_up_attempt/methodology_rerun_20260814t085258_60cc16b0,planned,TEST,,none
2026-08-14T11:33:43.938907+00:00,yush_orderflow_range,v03,ES,3m,"During balanced ES morning auctions, a retest of a developing value-area edge that overlaps a prior liquidity reference and then attracts fresh one-sided trade activity may reverse toward fair value.","Explicit pre_pnl_mechanics_correction from methodology_rerun_20260814t085258_60cc16b0; reviewed reason: Bind the fully tested current yush_adaptive_orderflow_range_v3 implementation identity after execution-affecting source changes; preserve mechanics, parameters, data, methodology, prior attempts, and prior evidence unchanged, and require fresh mechanics approval.",frozen in follow-up strategy_spec.yaml,es_sierra_yush_events_20110815_20260529_full_rth_ny_inv02,research/campaigns/active/yush_orderflow_range/follow_up_attempts/pre_pnl_mechanics_correction_20260814t113340_c5e319cb/v03/config.yaml,,follow_up_attempt/pre_pnl_mechanics_correction_20260814t113340_c5e319cb,planned,TEST,,none
2026-08-15T16:24:02.836179+00:00,yush_orderflow_range,v03,ES,3m,"During balanced ES morning auctions, a retest of a developing value-area edge that overlaps a prior liquidity reference and then attracts fresh one-sided trade activity may reverse toward fair value.","Explicit methodology_rerun from pre_pnl_mechanics_correction_20260814t113340_c5e319cb; reviewed reason: Adopt repository research policy 2026-08-14.2 because the parent attempt binds 2026-08-14.1; strategy mechanics, parameters, and governed data remain unchanged.",frozen in follow-up strategy_spec.yaml,es_sierra_yush_events_20110815_20260529_full_rth_ny_inv02,research/campaigns/active/yush_orderflow_range/follow_up_attempts/methodology_rerun_20260815t162359_2ae50158/v03/config.yaml,,follow_up_attempt/methodology_rerun_20260815t162359_2ae50158,planned,TEST,,none
2026-08-15T17:17:20.034905+00:00,yush_orderflow_range,v03,ES,3m,"During balanced ES morning auctions, a retest of a developing value-area edge that overlaps a prior liquidity reference and then attracts fresh one-sided trade activity may reverse toward fair value.","Explicit pre_pnl_mechanics_correction from methodology_rerun_20260815t162359_2ae50158; reviewed reason: Mechanics review rejected v03 because next-event entries could retain only marginal POC reward against a much wider structural stop. Bind certified implementation v12, require actual-fill net target reward to cover the all-in worst-case stop loss, and replace the misleading synthetic entry-trigger presentation with explicit market reference and modeled fill evidence.",frozen in follow-up strategy_spec.yaml,es_sierra_yush_events_20110815_20260529_full_rth_ny_inv02,research/campaigns/active/yush_orderflow_range/follow_up_attempts/pre_pnl_mechanics_correction_20260815t171716_939a2a6e/v03/config.yaml,,follow_up_attempt/pre_pnl_mechanics_correction_20260815t171716_939a2a6e,planned,TEST,,none
2026-08-16T01:25:38.166294+00:00,yush_orderflow_range,v03,ES,3m,"During balanced ES morning auctions, a retest of a developing value-area edge that overlaps a prior liquidity reference and then attracts fresh one-sided trade activity may reverse toward fair value.","Explicit pre_pnl_mechanics_correction from pre_pnl_mechanics_correction_20260815t171716_939a2a6e; reviewed reason: Replace the v03 next-event market entry with certified implementation v13: after a completed reclaim, rest a two-bar limit one tick inside the frozen edge; cancel before fill if POC, structural stop, AOI expiry, profile reset, entry cutoff, or expiry occurs; retain the all-in net payoff floor at the attainable fill.",frozen in follow-up strategy_spec.yaml,es_sierra_yush_events_20110815_20260529_full_rth_ny_inv02,research/campaigns/active/yush_orderflow_range/follow_up_attempts/pre_pnl_mechanics_correction_20260816t012534_5d401e2f/v03/config.yaml,,follow_up_attempt/pre_pnl_mechanics_correction_20260816t012534_5d401e2f,planned,TEST,,none
2026-08-16T01:29:06.461906+00:00,yush_orderflow_range,v03,ES,3m,"During balanced ES morning auctions, a retest of a developing value-area edge that overlaps a prior liquidity reference and then attracts fresh one-sided trade activity may reverse toward fair value.","Explicit pre_pnl_mechanics_correction from pre_pnl_mechanics_correction_20260816t012534_5d401e2f; reviewed reason: Bind certified implementation v14 so target, stop, AOI, and two-bar expiry cancel only the affected edge-retest limit rather than collateral pending AOIs; entry price, payoff floor, stop, target, and all other v13 mechanics remain unchanged.",frozen in follow-up strategy_spec.yaml,es_sierra_yush_events_20110815_20260529_full_rth_ny_inv02,research/campaigns/active/yush_orderflow_range/follow_up_attempts/pre_pnl_mechanics_correction_20260816t012902_afda42c5/v03/config.yaml,,follow_up_attempt/pre_pnl_mechanics_correction_20260816t012902_afda42c5,planned,TEST,,none
2026-08-16T01:48:10.935799+00:00,yush_orderflow_range,v03,ES,3m,"During balanced ES morning auctions, a retest of a developing value-area edge that overlaps a prior liquidity reference and then attracts fresh one-sided trade activity may reverse toward fair value.","Explicit pre_pnl_mechanics_correction from pre_pnl_mechanics_correction_20260816t012902_afda42c5; reviewed reason: Increase v03 burst freshness from two to three completed bars using an already certified value, to admit one additional bar of causally recent exceptional aggression while limiting footprint decay relative to the certified four-bar alternative.",frozen in follow-up strategy_spec.yaml,es_sierra_yush_events_20110815_20260529_full_rth_ny_inv02,research/campaigns/active/yush_orderflow_range/follow_up_attempts/pre_pnl_mechanics_correction_20260816t014807_fce186b6/v03/config.yaml,,follow_up_attempt/pre_pnl_mechanics_correction_20260816t014807_fce186b6,planned,TEST,,none
2026-08-16T01:49:49.304060+00:00,yush_orderflow_range,v03,ES,3m,"During balanced ES morning auctions, a retest of a developing value-area edge that overlaps a prior liquidity reference and then attracts fresh one-sided trade activity may reverse toward fair value.","Explicit pre_pnl_mechanics_correction from pre_pnl_mechanics_correction_20260816t014807_fce186b6; reviewed reason: The certified three-bar freshness correction increased frozen AOIs, geometric reclaims, and valid signals but still produced no completed mechanics-review trades. Increase to the already certified four-bar value to test one final causally recent footprint bar without changing entry, stop, target, payoff, or execution rules.",frozen in follow-up strategy_spec.yaml,es_sierra_yush_events_20110815_20260529_full_rth_ny_inv02,research/campaigns/active/yush_orderflow_range/follow_up_attempts/pre_pnl_mechanics_correction_20260816t014945_1ef70f02/v03/config.yaml,,follow_up_attempt/pre_pnl_mechanics_correction_20260816t014945_1ef70f02,planned,TEST,,none
2026-08-16T01:51:26.620140+00:00,yush_orderflow_range,v03,ES,3m,"During balanced ES morning auctions, a retest of a developing value-area edge that overlaps a prior liquidity reference and then attracts fresh one-sided trade activity may reverse toward fair value.","Explicit pre_pnl_mechanics_correction from pre_pnl_mechanics_correction_20260816t014945_1ef70f02; reviewed reason: Select the certified three-bar burst freshness value after mechanics-only comparison. Four bars added five frozen AOIs and one geometric reclaim but no valid signal or fill, while adding one net-payoff rejection; three bars therefore retains the better freshness-to-opportunity tradeoff without changing any other rule.",frozen in follow-up strategy_spec.yaml,es_sierra_yush_events_20110815_20260529_full_rth_ny_inv02,research/campaigns/active/yush_orderflow_range/follow_up_attempts/pre_pnl_mechanics_correction_20260816t015123_03834a42/v03/config.yaml,,follow_up_attempt/pre_pnl_mechanics_correction_20260816t015123_03834a42,planned,TEST,,none
2026-08-16T13:07:23.475473+00:00,yush_orderflow_range,v03,ES,3m,"During balanced ES morning auctions, a retest of a developing value-area edge that overlaps a prior liquidity reference and then attracts fresh one-sided trade activity may reverse toward fair value.","Explicit pre_pnl_mechanics_correction from pre_pnl_mechanics_correction_20260816t015123_03834a42; reviewed reason: Replace the completed three-minute reclaim with certified implementation v15: after the sweep bar publishes, an ordered trade one tick inside starts a five-second hold; every ordered trade must remain inside, any outside trade resets the clock, and confirmation must occur within three completed bars. Preserve the selected three-bar burst freshness and all edge-retest limit, stop, target, payoff, and execution rules.",frozen in follow-up strategy_spec.yaml,es_sierra_yush_events_20110815_20260529_full_rth_ny_inv02,research/campaigns/active/yush_orderflow_range/follow_up_attempts/pre_pnl_mechanics_correction_20260816t130719_632baa3e/v03/config.yaml,,follow_up_attempt/pre_pnl_mechanics_correction_20260816t130719_632baa3e,planned,TEST,,none
2026-08-16T13:10:50.262298+00:00,yush_orderflow_range,v03,ES,3m,"During balanced ES morning auctions, a retest of a developing value-area edge that overlaps a prior liquidity reference and then attracts fresh one-sided trade activity may reverse toward fair value.","Explicit pre_pnl_mechanics_correction from pre_pnl_mechanics_correction_20260816t130719_632baa3e; reviewed reason: Refresh v15 certification after correcting the mechanics validator to reconcile adverse entry slippage capped at a submitted limit. Strategy mechanics remain unchanged: five-second continuous event reclaim, three-bar burst freshness, and two-bar edge-retest limit.",frozen in follow-up strategy_spec.yaml,es_sierra_yush_events_20110815_20260529_full_rth_ny_inv02,research/campaigns/active/yush_orderflow_range/follow_up_attempts/pre_pnl_mechanics_correction_20260816t131046_248d07eb/v03/config.yaml,,follow_up_attempt/pre_pnl_mechanics_correction_20260816t131046_248d07eb,planned,TEST,,none
2026-08-16T13:12:50.884154+00:00,yush_orderflow_range,v03,ES,3m,"During balanced ES morning auctions, a retest of a developing value-area edge that overlaps a prior liquidity reference and then attracts fresh one-sided trade activity may reverse toward fair value.",Explicit replication from pre_pnl_mechanics_correction_20260816t131046_248d07eb; reviewed reason: Re-run the unchanged certified v15 event-level reclaim after validation schema v1.6 preserves the submitted entry trigger price for limit-capped slippage reconciliation; keep prior blocked evidence immutable.,frozen in follow-up strategy_spec.yaml,es_sierra_yush_events_20110815_20260529_full_rth_ny_inv02,research/campaigns/active/yush_orderflow_range/follow_up_attempts/replication_20260816t131247_c96d0f13/v03/config.yaml,,follow_up_attempt/replication_20260816t131247_c96d0f13,planned,TEST,,none
2026-08-17T02:29:42.030817+00:00,yush_orderflow_range,v03,ES,3m,"During balanced ES morning auctions, a retest of a developing value-area edge that overlaps a prior liquidity reference and then attracts fresh one-sided trade activity may reverse toward fair value.","Explicit pre_pnl_mechanics_correction from replication_20260816t131247_c96d0f13; reviewed reason: Replace the v03 five-second hold and two-bar edge-retest limit with certified implementation v16: the first ordered trade one tick inside confirms the reclaim and submits one next-event-only gap-aware stop-market entry; retain frozen burst, edge and POC state, structural stop, actual-fill ATR and all-in net payoff gates, selected three-bar burst freshness, session controls and exits.",frozen in follow-up strategy_spec.yaml,es_sierra_yush_events_20110815_20260529_full_rth_ny_inv02,research/campaigns/active/yush_orderflow_range/follow_up_attempts/pre_pnl_mechanics_correction_20260817t022938_ce574a29/v03/config.yaml,,follow_up_attempt/pre_pnl_mechanics_correction_20260817t022938_ce574a29,planned,TEST,,none
2026-08-18T11:39:23.366760+00:00,yush_orderflow_range,v03,ES,3m,"During balanced ES morning auctions, a retest of a developing value-area edge that overlaps a prior liquidity reference and then attracts fresh one-sided trade activity may reverse toward fair value.","Explicit pre_pnl_mechanics_correction from pre_pnl_mechanics_correction_20260817t022938_ce574a29; reviewed reason: Publish certified v17 before any PnL-bearing test: replace the next-event stop-market with a resting edge-retest limit, cancel it when ordered price reaches the initial structural stop first, invalidate it when the developing value edge leaves the AOI, remove clock expiry, and freeze equal midpoint and opposite-edge scale-out targets at AOI creation. No observed PnL informed these corrections; fresh mechanics evidence and approval are required.",frozen in follow-up strategy_spec.yaml,es_sierra_yush_events_20110815_20260529_full_rth_ny_inv02,research/campaigns/active/yush_orderflow_range/follow_up_attempts/pre_pnl_mechanics_correction_20260818t113919_cd2f0d1e/v03/config.yaml,,follow_up_attempt/pre_pnl_mechanics_correction_20260818t113919_cd2f0d1e,planned,TEST,,none
2026-08-18T12:40:02.799703+00:00,yush_orderflow_range,v03,ES,3m,"During balanced ES morning auctions, a retest of a developing value-area edge that overlaps a prior liquidity reference and then attracts fresh one-sided trade activity may reverse toward fair value.","Explicit pre_pnl_mechanics_correction from pre_pnl_mechanics_correction_20260818t113919_cd2f0d1e; reviewed reason: Publish certified v18 before any PnL-bearing test: allow a developing VAH or VAL to form an AOI with a direction-matched exceptional aggressive-volume cell, a direction-aligned top-decile profile-delta row, or a compatible completed PDH/PDL, causal ONH/ONL, or completed ORH/ORL. Require a distinct post-AOI large-execution or later completed-bar delta observation before an event reclaim may arm the existing resting edge-retest limit. Preserve ordered sweep and reclaim causality, value-edge invalidation, stop-first cancellation, frozen midpoint/opposite-edge targets, and all execution-risk gates. No observed PnL informed this correction; fresh mechanics evidence and approval are required.",frozen in follow-up strategy_spec.yaml,es_sierra_yush_events_20110815_20260529_full_rth_ny_inv02,research/campaigns/active/yush_orderflow_range/follow_up_attempts/pre_pnl_mechanics_correction_20260818t123958_6886de40/v03/config.yaml,,follow_up_attempt/pre_pnl_mechanics_correction_20260818t123958_6886de40,planned,TEST,,none
2026-08-19T01:56:02.760184+00:00,yush_orderflow_range,v03,ES,3m,"During balanced ES morning auctions, a retest of a developing value-area edge that overlaps a prior liquidity reference and then attracts fresh one-sided trade activity may reverse toward fair value.",Explicit pre_pnl_mechanics_correction from pre_pnl_mechanics_correction_20260818t123958_6886de40; reviewed reason: Publish certified v19 before any PnL-bearing test: remove the 13:30 auction-epoch reset so one causal MotiveWave Standard RTH volume and delta profile accumulates continuously from 09:30 through the afternoon entry window. Preserve the declared entry windows and every other frozen v03 mechanic. No observed PnL informed this correction; fresh mechanics evidence and manual approval are required.,frozen in follow-up strategy_spec.yaml,es_sierra_yush_events_20110815_20260529_full_rth_ny_inv02,research/campaigns/active/yush_orderflow_range/follow_up_attempts/pre_pnl_mechanics_correction_20260819t015559_4a2b8ce0/v03/config.yaml,,follow_up_attempt/pre_pnl_mechanics_correction_20260819t015559_4a2b8ce0,planned,TEST,,none
2026-08-19T03:50:13.765265+00:00,yush_orderflow_range,v03,ES,3m,"During balanced ES morning auctions, a retest of a developing value-area edge that overlaps a prior liquidity reference and then attracts fresh one-sided trade activity may reverse toward fair value.",Explicit pre_pnl_mechanics_correction from pre_pnl_mechanics_correction_20260819t015559_4a2b8ce0; reviewed reason: User-directed pre-PnL v03 correction: replace fixed four-tick AOI and confirmation proximity with one-third causal three-minute ATR; retain eligible exceptional-volume bursts for the current RTH session; remove reclaim; arm a one-tick-outside-edge limit immediately after separate order-flow confirmation only when gross frozen-midpoint reward versus sweep-extreme risk is at least 1:1; cancel an unfilled limit when its intended stop trades first. No observed PnL informed this correction.,frozen in follow-up strategy_spec.yaml,es_sierra_yush_events_20110815_20260529_full_rth_ny_inv02,research/campaigns/active/yush_orderflow_range/follow_up_attempts/pre_pnl_mechanics_correction_20260819t035009_a6499507/v03/config.yaml,,follow_up_attempt/pre_pnl_mechanics_correction_20260819t035009_a6499507,planned,TEST,,none
2026-08-19T03:51:21.704066+00:00,yush_orderflow_range,v03,ES,3m,"During balanced ES morning auctions, a retest of a developing value-area edge that overlaps a prior liquidity reference and then attracts fresh one-sided trade activity may reverse toward fair value.","Explicit replication from pre_pnl_mechanics_correction_20260819t035009_a6499507; reviewed reason: Operational retry of the unchanged certified v20 mechanics after a stale long-running worker loaded v19 code and rejected the new parameter names during preflight. The prior job executed no market data and produced no PnL; this replication preserves that failed job and changes no mechanics, parameters, data window, or certification identity.",frozen in follow-up strategy_spec.yaml,es_sierra_yush_events_20110815_20260529_full_rth_ny_inv02,research/campaigns/active/yush_orderflow_range/follow_up_attempts/replication_20260819t035118_369ade90/v03/config.yaml,,follow_up_attempt/replication_20260819t035118_369ade90,planned,TEST,,none
2026-08-19T12:57:01.814729+00:00,yush_orderflow_range,v03,ES,3m,"During balanced ES morning auctions, a retest of a developing value-area edge that overlaps a prior liquidity reference and then attracts fresh one-sided trade activity may reverse toward fair value.","Explicit pre_pnl_mechanics_correction from replication_20260819t035118_369ade90; reviewed reason: User-directed pre-PnL v03 mechanics correction after manual inspection of the prior diagnostic mechanics evidence: replace the immediately marketable outside-edge limit with a native gap-aware stop-market entry at VAH minus one tick for shorts and VAL plus one tick for longs. The trigger crossing now supplies the causal reclaim. Preserve the frozen sweep-extreme protective stop, stop-first pre-fill cancellation, one-third-ATR context rules, session-wide burst eligibility, midpoint/opposite-edge targets, parameters, data, and validation protocol. The prior immutable evidence is preserved and this rationale explicitly records that the correction followed review of its unacceptable 11.1 percent diagnostic win rate.",frozen in follow-up strategy_spec.yaml,es_sierra_yush_events_20110815_20260529_full_rth_ny_inv02,research/campaigns/active/yush_orderflow_range/follow_up_attempts/pre_pnl_mechanics_correction_20260819t125657_55cb9467/v03/config.yaml,,follow_up_attempt/pre_pnl_mechanics_correction_20260819t125657_55cb9467,planned,TEST,,none
2026-08-19T13:06:44.299831+00:00,yush_orderflow_range,v03,ES,3m,"During balanced ES morning auctions, a retest of a developing value-area edge that overlaps a prior liquidity reference and then attracts fresh one-sided trade activity may reverse toward fair value.","Explicit pre_pnl_mechanics_correction from pre_pnl_mechanics_correction_20260819t125657_55cb9467; reviewed reason: User-directed pre-PnL v03 correction: AOI creation now accepts direction-compatible exceptional aggressive volume, direction-aligned top-decile delta, or a compatible completed market level within one third of causal three-minute ATR above or below the frozen VAH or VAL. Separate post-AOI confirmation remains directionally outward. Stop-market entry, sweep stop, targets, declared parameters, data, and protocol remain unchanged. Prior evidence is preserved.",frozen in follow-up strategy_spec.yaml,es_sierra_yush_events_20110815_20260529_full_rth_ny_inv02,research/campaigns/active/yush_orderflow_range/follow_up_attempts/pre_pnl_mechanics_correction_20260819t130640_73f6942e/v03/config.yaml,,follow_up_attempt/pre_pnl_mechanics_correction_20260819t130640_73f6942e,planned,TEST,,none
2026-08-20T13:15:50.301785+00:00,yush_orderflow_range,v03,ES,3m,"During balanced ES morning auctions, a retest of a developing value-area edge that overlaps a prior liquidity reference and then attracts fresh one-sided trade activity may reverse toward fair value.","Explicit pre_pnl_mechanics_correction from pre_pnl_mechanics_correction_20260819t130640_73f6942e; reviewed reason: User-directed pre-PnL v03 implementation correction after MotiveWave reconciliation: exceptional aggressive volume now uses consecutive same-price, same-aggressor executions within 100 ms of the sequence's first execution, and any intervening nonmatching execution terminates the sequence. The causal prior-20-session q99.9 context was rebuilt under the same semantics. All other AOI, confirmation, sweep, entry, stop, target, data, and protocol rules remain unchanged. Prior evidence is preserved.",frozen in follow-up strategy_spec.yaml,es_sierra_yush_events_20110815_20260529_full_rth_ny_inv02,research/campaigns/active/yush_orderflow_range/follow_up_attempts/pre_pnl_mechanics_correction_20260820t131546_68e5612e/v03/config.yaml,,follow_up_attempt/pre_pnl_mechanics_correction_20260820t131546_68e5612e,planned,TEST,,none
2026-08-22T02:21:06.828059+00:00,yush_orderflow_range,v03,ES,3m,"During balanced ES morning auctions, a retest of a developing value-area edge that overlaps a prior liquidity reference and then attracts fresh one-sided trade activity may reverse toward fair value.","Explicit pre_pnl_mechanics_correction from pre_pnl_mechanics_correction_20260820t131546_68e5612e; reviewed reason: Retain the reviewed AOI, ordered sweep, distinct post-AOI order-flow confirmation, and reclaim stop-trigger sequence. Change the stop-entry trigger from one to two ticks inside the frozen value edge and buffer the protective stop two ticks beyond the sweep-bar extreme. Aggregate the session-anchored AOI delta profile into globally aligned MotiveWave-style four-tick price cells. Aggregate separate completed three-minute bar-delta confirmation into the same four-tick cells and require causal prior-20-session q90 absolute cell delta.",frozen in follow-up strategy_spec.yaml,es_sierra_yush_events_20110815_20260529_full_rth_ny_inv02,research/campaigns/active/yush_orderflow_range/follow_up_attempts/pre_pnl_mechanics_correction_20260822t022102_f529f023/v03/config.yaml,,follow_up_attempt/pre_pnl_mechanics_correction_20260822t022102_f529f023,planned,TEST,,none
2026-08-22T09:24:10.650171+00:00,yush_orderflow_range,v03,ES,3m,"During balanced ES morning auctions, a retest of a developing value-area edge that overlaps a prior liquidity reference and then attracts fresh one-sided trade activity may reverse toward fair value.","Explicit pre_pnl_mechanics_correction from pre_pnl_mechanics_correction_20260822t022102_f529f023; reviewed reason: User-directed v03 correction after review of v24 mechanics evidence: allow a qualifying q99.9 exceptional aggressive-volume sequence of either aggressor side, or a qualifying top-decile absolute session-anchored four-tick profile-delta cell of either sign, to form an AOI at either VAH or VAL when within the existing symmetric one-third-ATR radius. Preserve direction-compatible market-level AOIs. Preserve directional separate post-AOI confirmation: buy aggression or positive completed-bar delta for shorts, sell aggression or negative completed-bar delta for longs. Preserve ordered sweep, two-tick-inside reclaim stop entry, two-tick-beyond-sweep stop, targets, timing, risk, data, and validation protocol. Prior evidence remains immutable and fresh manual mechanics approval is required.",frozen in follow-up strategy_spec.yaml,es_sierra_yush_events_20110815_20260529_full_rth_ny_inv02,research/campaigns/active/yush_orderflow_range/follow_up_attempts/pre_pnl_mechanics_correction_20260822t092406_25f5d1f4/v03/config.yaml,,follow_up_attempt/pre_pnl_mechanics_correction_20260822t092406_25f5d1f4,planned,TEST,,none
2026-08-22T10:06:04.166632+00:00,yush_orderflow_range,v03,ES,3m,"During balanced ES morning auctions, a retest of a developing value-area edge that overlaps a prior liquidity reference and then attracts fresh one-sided trade activity may reverse toward fair value.","Explicit pre_pnl_mechanics_correction from pre_pnl_mechanics_correction_20260822t092406_25f5d1f4; reviewed reason: User-directed v03 correction after review of v25 mechanics evidence: move the reclaim stop-entry reference from the frozen value edge to the reclaim-side boundary of the complete frozen AOI zone. Define the AOI zone as the minimum-to-maximum price span containing the frozen VAH or VAL and every selected big-trade, four-tick delta-cell, and market-level source bound. Place the short trigger at zone low minus two ticks and the long trigger at zone high plus two ticks. Preserve direction-neutral AOI order-flow sources, directional separate confirmation, ordered sweep, two-tick-beyond-sweep protective stop, frozen midpoint/opposite-edge targets, timing, risk, data, and validation protocol. Prior evidence remains immutable and fresh manual mechanics approval is required.",frozen in follow-up strategy_spec.yaml,es_sierra_yush_events_20110815_20260529_full_rth_ny_inv02,research/campaigns/active/yush_orderflow_range/follow_up_attempts/pre_pnl_mechanics_correction_20260822t100600_f0c1d321/v03/config.yaml,,follow_up_attempt/pre_pnl_mechanics_correction_20260822t100600_f0c1d321,planned,TEST,,none
2026-08-22T14:22:34.781617+00:00,yush_orderflow_range,v03,ES,3m,"During balanced ES morning auctions, a retest of a developing value-area edge that overlaps a prior liquidity reference and then attracts fresh one-sided trade activity may reverse toward fair value.","Explicit pre_pnl_mechanics_correction from pre_pnl_mechanics_correction_20260822t100600_f0c1d321; reviewed reason: Replace long-lived frozen AOIs and the separate three-bar confirmation with causally rebuilt per-bar VAH and VAL AOIs, then resolve the protective stop from the sweep-to-entry path on the actual fill event. This is a pre-PnL mechanics correction requested before inspecting new performance evidence.",frozen in follow-up strategy_spec.yaml,es_sierra_yush_events_20110815_20260529_full_rth_ny_inv02,research/campaigns/active/yush_orderflow_range/follow_up_attempts/pre_pnl_mechanics_correction_20260822t142230_db2c8389/v03/config.yaml,,follow_up_attempt/pre_pnl_mechanics_correction_20260822t142230_db2c8389,planned,TEST,,none
2026-08-22T14:26:45.877278+00:00,yush_orderflow_range,v03,ES,3m,"During balanced ES morning auctions, a retest of a developing value-area edge that overlaps a prior liquidity reference and then attracts fresh one-sided trade activity may reverse toward fair value.",Explicit pre_pnl_mechanics_correction from pre_pnl_mechanics_correction_20260822t142230_db2c8389; reviewed reason: Correct the event-transition evidence identity so simultaneous cancellations of distinct pending orders on one fill event remain uniquely keyed by order ID. This does not alter the v27 trade decisions; it repairs the automated evidence check exposed by the first v27 replay before any mechanics approval or performance use.,frozen in follow-up strategy_spec.yaml,es_sierra_yush_events_20110815_20260529_full_rth_ny_inv02,research/campaigns/active/yush_orderflow_range/follow_up_attempts/pre_pnl_mechanics_correction_20260822t142641_0b190924/v03/config.yaml,,follow_up_attempt/pre_pnl_mechanics_correction_20260822t142641_0b190924,planned,TEST,,none
2026-08-22T14:30:37.448833+00:00,yush_orderflow_range,v03,ES,3m,"During balanced ES morning auctions, a retest of a developing value-area edge that overlaps a prior liquidity reference and then attracts fresh one-sided trade activity may reverse toward fair value.","Explicit pre_pnl_mechanics_correction from pre_pnl_mechanics_correction_20260822t142641_0b190924; reviewed reason: Apply the declared gross midpoint reward-to-risk threshold to the certified modeled entry fill, including the fixed one-tick adverse entry slippage, rather than to the pre-slippage stop trigger. This corrects a mechanics/report mismatch found during evidence audit before approval or performance use.",frozen in follow-up strategy_spec.yaml,es_sierra_yush_events_20110815_20260529_full_rth_ny_inv02,research/campaigns/active/yush_orderflow_range/follow_up_attempts/pre_pnl_mechanics_correction_20260822t143033_0013b746/v03/config.yaml,,follow_up_attempt/pre_pnl_mechanics_correction_20260822t143033_0013b746,planned,TEST,,none
2026-08-23T00:02:13.978717+00:00,yush_orderflow_range,v03,ES,3m,"During balanced ES morning auctions, a retest of a developing value-area edge that overlaps a prior liquidity reference and then attracts fresh one-sided trade activity may reverse toward fair value.","Explicit pre_pnl_mechanics_correction from pre_pnl_mechanics_correction_20260822t143033_0013b746; reviewed reason: Result-invariant certification refresh after repository integration aligned the active authoring catalog and v03 strategy metadata with the already reviewed fill-time sweep-to-entry structural stop binding. No strategy decisions, parameters, data, validation window, or observed PnL informed this correction; the prior attempt remains immutable and fresh mechanics evidence and manual approval are required.",frozen in follow-up strategy_spec.yaml,es_sierra_yush_events_20110815_20260529_full_rth_ny_inv02,research/campaigns/active/yush_orderflow_range/follow_up_attempts/pre_pnl_mechanics_correction_20260823t000209_b8d1e0f7/v03/config.yaml,,follow_up_attempt/pre_pnl_mechanics_correction_20260823t000209_b8d1e0f7,planned,TEST,,none
2026-08-23T02:16:37.405810+00:00,yush_orderflow_range,v03,ES,3m,"During balanced ES morning auctions, a retest of a developing value-area edge that overlaps a prior liquidity reference and then attracts fresh one-sided trade activity may reverse toward fair value.","Explicit pre_pnl_protocol_declaration from pre_pnl_mechanics_correction_20260823t000209_b8d1e0f7; reviewed reason: Create a result-invariant pre-PnL objective contract for this legacy attempt while preserving its certified mechanics, parameter space, dataset, execution, and methodology lineage.",frozen in follow-up strategy_spec.yaml,es_sierra_yush_events_20110815_20260529_full_rth_ny_inv02,research/campaigns/active/yush_orderflow_range/follow_up_attempts/pre_pnl_protocol_declaration_20260823t021633_94aff48a/v03/config.yaml,,follow_up_attempt/pre_pnl_protocol_declaration_20260823t021633_94aff48a,planned,TEST,,none
2026-08-23T07:36:46.843717+00:00,yush_orderflow_range,v03,ES,3m,yush_adaptive_orderflow_range_v3,entry=yush_adaptive_orderflow_range_v3; stop=event_fill_time_sweep_to_entry_extreme_stop; target=event_frozen_midpoint_opposite_edge_scale_out,"{""event.params.maximum_stop_atr_multiple"": [1.25, 1.5, 1.75], ""event.params.sweep_atr_fraction"": [0.1, 0.15, 0.2, 0.25, 0.3]}",{},research/campaigns/active/yush_orderflow_range/follow_up_attempts/pre_pnl_protocol_declaration_20260823t021633_94aff48a/v03/config.yaml,research/evidence/runs/yush_orderflow_range/v03/ES/attempt_pre_pnl_protocol_declaration_20260823t021633_94aff48a/studio_incomplete_attempt.json,incomplete_studio_attempt,NEEDS MANUAL REVIEW,MANUAL_REVIEW_REQUIRED,"post-publication finalization failed: IntegrityError: UNIQUE constraint failed: artifacts.run_uid, artifacts.path",pre_pnl_protocol_declaration
2026-08-23T09:36:02.998047+00:00,yush_orderflow_range,v03,ES,3m,yush_adaptive_orderflow_range_v3,entry=yush_adaptive_orderflow_range_v3; stop=event_fill_time_sweep_to_entry_extreme_stop; target=event_frozen_midpoint_opposite_edge_scale_out,"{""event.params.maximum_stop_atr_multiple"": [1.25, 1.5, 1.75], ""event.params.sweep_atr_fraction"": [0.1, 0.15, 0.2, 0.25, 0.3]}",{},research/campaigns/active/yush_orderflow_range/follow_up_attempts/pre_pnl_protocol_declaration_20260823t021633_94aff48a/v03/config.yaml,research/evidence/runs/yush_orderflow_range/v03/ES/attempt_pre_pnl_protocol_declaration_20260823t021633_94aff48a/reporting_v2/result_bundle_v2.json,full_staged_methodology,FAIL,REJECT,actual 0.0 did not meet required >= 0.7,pre_pnl_protocol_declaration
2026-08-25T15:29:32.345638+00:00,yush_orderflow_range,v04,ES,3m,"During balanced ES morning auctions, a retest of a developing value-area edge that overlaps a prior liquidity reference and then attracts fresh one-sided trade activity may reverse toward fair value.","At every completed three-minute boundary, independently attempt a short AOI at the latest VAH and a long AOI at the latest VAL. The AOI exists only when a prior-20-session q99.9 MotiveWave-compatible consecutive aggressive-volume sequence of either side and/or a sign-agnostic top-decile absolute session-anchored four-tick delta cell, or a PDH, PDL, PDC, ONH, ONL, ORH, or ORL lies within one third of causal ATR above or below that edge. A market level may independently qualify the AOI. The repository availability policy selected this as the sole active, unused certified event successor; observed PnL did not select its parameters.",15 predeclared combination(s),es_sierra_yush_events_20110815_20260529_full_rth_ny_inv02,research/campaigns/active/yush_orderflow_range/variants/v04/config.yaml,,stage_1,planned,TEST,,none
2026-08-26T10:15:43.019057+00:00,yush_orderflow_range,v01,ES,3m,"During balanced ES morning auctions, a retest of a developing value-area edge that overlaps a prior liquidity reference and then attracts fresh one-sided trade activity may reverse toward fair value.",Explicit pre_pnl_mechanics_correction from original; reviewed reason: Bind v04 to the recertified execution contract and replace the incorrect fixed-one-contract sizing with the predeclared 0.4% net-liquidation risk policy before any PnL-bearing stage.,frozen in follow-up strategy_spec.yaml,es_databento_trade_events_20250714_20260610_0930_1100_ny,research/campaigns/active/yush_orderflow_range/follow_up_attempts/pre_pnl_mechanics_correction_20260826t101537_bcba3ae1/v01/config.yaml,,follow_up_attempt/pre_pnl_mechanics_correction_20260826t101537_bcba3ae1,planned,TEST,,none
2026-08-26T10:15:43.019057+00:00,yush_orderflow_range,v02,ES,3m,"During balanced ES morning auctions, a retest of a developing value-area edge that overlaps a prior liquidity reference and then attracts fresh one-sided trade activity may reverse toward fair value.",Explicit pre_pnl_mechanics_correction from original; reviewed reason: Bind v04 to the recertified execution contract and replace the incorrect fixed-one-contract sizing with the predeclared 0.4% net-liquidation risk policy before any PnL-bearing stage.,frozen in follow-up strategy_spec.yaml,es_sierra_yush_events_20110815_20260529_0930_1100_ny_inv02,research/campaigns/active/yush_orderflow_range/follow_up_attempts/pre_pnl_mechanics_correction_20260826t101537_bcba3ae1/v02/config.yaml,,follow_up_attempt/pre_pnl_mechanics_correction_20260826t101537_bcba3ae1,planned,TEST,,none
2026-08-26T10:15:43.019057+00:00,yush_orderflow_range,v03,ES,3m,"During balanced ES morning auctions, a retest of a developing value-area edge that overlaps a prior liquidity reference and then attracts fresh one-sided trade activity may reverse toward fair value.",Explicit pre_pnl_mechanics_correction from original; reviewed reason: Bind v04 to the recertified execution contract and replace the incorrect fixed-one-contract sizing with the predeclared 0.4% net-liquidation risk policy before any PnL-bearing stage.,frozen in follow-up strategy_spec.yaml,es_sierra_yush_events_20110815_20260529_full_rth_ny_inv02,research/campaigns/active/yush_orderflow_range/follow_up_attempts/pre_pnl_mechanics_correction_20260826t101537_bcba3ae1/v03/config.yaml,,follow_up_attempt/pre_pnl_mechanics_correction_20260826t101537_bcba3ae1,planned,TEST,,none
2026-08-26T10:15:43.019057+00:00,yush_orderflow_range,v04,ES,3m,"During balanced ES morning auctions, a retest of a developing value-area edge that overlaps a prior liquidity reference and then attracts fresh one-sided trade activity may reverse toward fair value.",Explicit pre_pnl_mechanics_correction from original; reviewed reason: Bind v04 to the recertified execution contract and replace the incorrect fixed-one-contract sizing with the predeclared 0.4% net-liquidation risk policy before any PnL-bearing stage.,frozen in follow-up strategy_spec.yaml,es_sierra_yush_events_20110815_20260529_full_rth_ny_inv02,research/campaigns/active/yush_orderflow_range/follow_up_attempts/pre_pnl_mechanics_correction_20260826t101537_bcba3ae1/v04/config.yaml,,follow_up_attempt/pre_pnl_mechanics_correction_20260826t101537_bcba3ae1,planned,TEST,,none
2026-08-27T08:37:26.111315+00:00,yush_orderflow_range,v01,ES,3m,"During balanced ES morning auctions, a retest of a developing value-area edge that overlaps a prior liquidity reference and then attracts fresh one-sided trade activity may reverse toward fair value.","Explicit pre_pnl_parameter_declaration from pre_pnl_mechanics_correction_20260826t101537_bcba3ae1; reviewed reason: Replace mechanically redundant low sweep-fraction values with the predeclared 0.20, 0.25, and 0.30 grid while retaining the reviewed defaults and unchanged stop-risk grid before any PnL-bearing stage.",frozen in follow-up strategy_spec.yaml,es_databento_trade_events_20250714_20260610_0930_1100_ny,research/campaigns/active/yush_orderflow_range/follow_up_attempts/pre_pnl_parameter_declaration_20260827t083720_166276bf/v01/config.yaml,,follow_up_attempt/pre_pnl_parameter_declaration_20260827t083720_166276bf,planned,TEST,,none
2026-08-27T08:37:26.111315+00:00,yush_orderflow_range,v02,ES,3m,"During balanced ES morning auctions, a retest of a developing value-area edge that overlaps a prior liquidity reference and then attracts fresh one-sided trade activity may reverse toward fair value.","Explicit pre_pnl_parameter_declaration from pre_pnl_mechanics_correction_20260826t101537_bcba3ae1; reviewed reason: Replace mechanically redundant low sweep-fraction values with the predeclared 0.20, 0.25, and 0.30 grid while retaining the reviewed defaults and unchanged stop-risk grid before any PnL-bearing stage.",frozen in follow-up strategy_spec.yaml,es_sierra_yush_events_20110815_20260529_0930_1100_ny_inv02,research/campaigns/active/yush_orderflow_range/follow_up_attempts/pre_pnl_parameter_declaration_20260827t083720_166276bf/v02/config.yaml,,follow_up_attempt/pre_pnl_parameter_declaration_20260827t083720_166276bf,planned,TEST,,none
2026-08-27T08:37:26.111315+00:00,yush_orderflow_range,v03,ES,3m,"During balanced ES morning auctions, a retest of a developing value-area edge that overlaps a prior liquidity reference and then attracts fresh one-sided trade activity may reverse toward fair value.","Explicit pre_pnl_parameter_declaration from pre_pnl_mechanics_correction_20260826t101537_bcba3ae1; reviewed reason: Replace mechanically redundant low sweep-fraction values with the predeclared 0.20, 0.25, and 0.30 grid while retaining the reviewed defaults and unchanged stop-risk grid before any PnL-bearing stage.",frozen in follow-up strategy_spec.yaml,es_sierra_yush_events_20110815_20260529_full_rth_ny_inv02,research/campaigns/active/yush_orderflow_range/follow_up_attempts/pre_pnl_parameter_declaration_20260827t083720_166276bf/v03/config.yaml,,follow_up_attempt/pre_pnl_parameter_declaration_20260827t083720_166276bf,planned,TEST,,none
2026-08-27T08:37:26.111315+00:00,yush_orderflow_range,v04,ES,3m,"During balanced ES morning auctions, a retest of a developing value-area edge that overlaps a prior liquidity reference and then attracts fresh one-sided trade activity may reverse toward fair value.","Explicit pre_pnl_parameter_declaration from pre_pnl_mechanics_correction_20260826t101537_bcba3ae1; reviewed reason: Replace mechanically redundant low sweep-fraction values with the predeclared 0.20, 0.25, and 0.30 grid while retaining the reviewed defaults and unchanged stop-risk grid before any PnL-bearing stage.",frozen in follow-up strategy_spec.yaml,es_sierra_yush_events_20110815_20260529_full_rth_ny_inv02,research/campaigns/active/yush_orderflow_range/follow_up_attempts/pre_pnl_parameter_declaration_20260827t083720_166276bf/v04/config.yaml,,follow_up_attempt/pre_pnl_parameter_declaration_20260827t083720_166276bf,planned,TEST,,none
2026-08-28T07:49:29.985653+00:00,yush_orderflow_range,v01,ES,3m,"During balanced ES morning auctions, a retest of a developing value-area edge that overlaps a prior liquidity reference and then attracts fresh one-sided trade activity may reverse toward fair value.","Explicit pre_pnl_mechanics_correction from pre_pnl_parameter_declaration_20260827t083720_166276bf; reviewed reason: Replace the erroneous sweep-anchored delta accumulator with the user-approved causal whole developing three-minute, four-tick delta-imprint confirmation against the nearest-rank 90th percentile of all earlier completed RTH bar-cell imprints, and bind v04 to certified implementation version 3 before any PnL-bearing stage.",frozen in follow-up strategy_spec.yaml,es_databento_trade_events_20250714_20260610_0930_1100_ny,research/campaigns/active/yush_orderflow_range/follow_up_attempts/pre_pnl_mechanics_correction_20260828t074924_a156ce04/v01/config.yaml,,follow_up_attempt/pre_pnl_mechanics_correction_20260828t074924_a156ce04,planned,TEST,,none
2026-08-28T07:49:29.985653+00:00,yush_orderflow_range,v02,ES,3m,"During balanced ES morning auctions, a retest of a developing value-area edge that overlaps a prior liquidity reference and then attracts fresh one-sided trade activity may reverse toward fair value.","Explicit pre_pnl_mechanics_correction from pre_pnl_parameter_declaration_20260827t083720_166276bf; reviewed reason: Replace the erroneous sweep-anchored delta accumulator with the user-approved causal whole developing three-minute, four-tick delta-imprint confirmation against the nearest-rank 90th percentile of all earlier completed RTH bar-cell imprints, and bind v04 to certified implementation version 3 before any PnL-bearing stage.",frozen in follow-up strategy_spec.yaml,es_sierra_yush_events_20110815_20260529_0930_1100_ny_inv02,research/campaigns/active/yush_orderflow_range/follow_up_attempts/pre_pnl_mechanics_correction_20260828t074924_a156ce04/v02/config.yaml,,follow_up_attempt/pre_pnl_mechanics_correction_20260828t074924_a156ce04,planned,TEST,,none
2026-08-28T07:49:29.985653+00:00,yush_orderflow_range,v03,ES,3m,"During balanced ES morning auctions, a retest of a developing value-area edge that overlaps a prior liquidity reference and then attracts fresh one-sided trade activity may reverse toward fair value.","Explicit pre_pnl_mechanics_correction from pre_pnl_parameter_declaration_20260827t083720_166276bf; reviewed reason: Replace the erroneous sweep-anchored delta accumulator with the user-approved causal whole developing three-minute, four-tick delta-imprint confirmation against the nearest-rank 90th percentile of all earlier completed RTH bar-cell imprints, and bind v04 to certified implementation version 3 before any PnL-bearing stage.",frozen in follow-up strategy_spec.yaml,es_sierra_yush_events_20110815_20260529_full_rth_ny_inv02,research/campaigns/active/yush_orderflow_range/follow_up_attempts/pre_pnl_mechanics_correction_20260828t074924_a156ce04/v03/config.yaml,,follow_up_attempt/pre_pnl_mechanics_correction_20260828t074924_a156ce04,planned,TEST,,none
2026-08-28T07:49:29.985653+00:00,yush_orderflow_range,v04,ES,3m,"During balanced ES morning auctions, a retest of a developing value-area edge that overlaps a prior liquidity reference and then attracts fresh one-sided trade activity may reverse toward fair value.","Explicit pre_pnl_mechanics_correction from pre_pnl_parameter_declaration_20260827t083720_166276bf; reviewed reason: Replace the erroneous sweep-anchored delta accumulator with the user-approved causal whole developing three-minute, four-tick delta-imprint confirmation against the nearest-rank 90th percentile of all earlier completed RTH bar-cell imprints, and bind v04 to certified implementation version 3 before any PnL-bearing stage.",frozen in follow-up strategy_spec.yaml,es_sierra_yush_events_20110815_20260529_full_rth_ny_inv02,research/campaigns/active/yush_orderflow_range/follow_up_attempts/pre_pnl_mechanics_correction_20260828t074924_a156ce04/v04/config.yaml,,follow_up_attempt/pre_pnl_mechanics_correction_20260828t074924_a156ce04,planned,TEST,,none
2026-08-29T09:45:58.948978+00:00,yush_orderflow_range,v04,ES,3m,yush_adaptive_orderflow_range_v4,entry=yush_adaptive_orderflow_range_v4; stop=event_fill_time_sweep_to_entry_extreme_stop; target=event_frozen_midpoint_two_ticks_outside_opposite_value_area_scale_out,"{""event.params.maximum_stop_atr_multiple"": [1.25, 1.5, 1.75], ""event.params.sweep_atr_fraction"": [0.2, 0.25, 0.3]}",{},research/campaigns/active/yush_orderflow_range/follow_up_attempts/pre_pnl_mechanics_correction_20260828t074924_a156ce04/v04/config.yaml,research/evidence/runs/yush_orderflow_range/v04/ES/attempt_pre_pnl_mechanics_correction_20260828t074924_a156ce04/studio_incomplete_attempt.json,incomplete_studio_attempt,NEEDS MANUAL REVIEW,MANUAL_REVIEW_REQUIRED,worker heartbeat expired; automatic replay is forbidden,pre_pnl_mechanics_correction
2026-08-29T11:01:07.894593+00:00,yush_orderflow_range,v01,ES,3m,"During balanced ES morning auctions, a retest of a developing value-area edge that overlaps a prior liquidity reference and then attracts fresh one-sided trade activity may reverse toward fair value.","Explicit methodology_rerun from pre_pnl_mechanics_correction_20260828t074924_a156ce04; reviewed reason: Create a governed certification-refresh methodology rerun after the parent attempt failed operationally, preserving the approved v04 mechanics, dataset, parameter grid, performance methodology, and existing ten-session mechanics-validation window while binding the child to the newly recertified implementation.",frozen in follow-up strategy_spec.yaml,es_databento_trade_events_20250714_20260610_0930_1100_ny,research/campaigns/active/yush_orderflow_range/follow_up_attempts/methodology_rerun_20260829t110101_a78ce6cc/v01/config.yaml,,follow_up_attempt/methodology_rerun_20260829t110101_a78ce6cc,planned,TEST,,none
2026-08-29T11:01:07.894593+00:00,yush_orderflow_range,v02,ES,3m,"During balanced ES morning auctions, a retest of a developing value-area edge that overlaps a prior liquidity reference and then attracts fresh one-sided trade activity may reverse toward fair value.","Explicit methodology_rerun from pre_pnl_mechanics_correction_20260828t074924_a156ce04; reviewed reason: Create a governed certification-refresh methodology rerun after the parent attempt failed operationally, preserving the approved v04 mechanics, dataset, parameter grid, performance methodology, and existing ten-session mechanics-validation window while binding the child to the newly recertified implementation.",frozen in follow-up strategy_spec.yaml,es_sierra_yush_events_20110815_20260529_0930_1100_ny_inv02,research/campaigns/active/yush_orderflow_range/follow_up_attempts/methodology_rerun_20260829t110101_a78ce6cc/v02/config.yaml,,follow_up_attempt/methodology_rerun_20260829t110101_a78ce6cc,planned,TEST,,none
2026-08-29T11:01:07.894593+00:00,yush_orderflow_range,v03,ES,3m,"During balanced ES morning auctions, a retest of a developing value-area edge that overlaps a prior liquidity reference and then attracts fresh one-sided trade activity may reverse toward fair value.","Explicit methodology_rerun from pre_pnl_mechanics_correction_20260828t074924_a156ce04; reviewed reason: Create a governed certification-refresh methodology rerun after the parent attempt failed operationally, preserving the approved v04 mechanics, dataset, parameter grid, performance methodology, and existing ten-session mechanics-validation window while binding the child to the newly recertified implementation.",frozen in follow-up strategy_spec.yaml,es_sierra_yush_events_20110815_20260529_full_rth_ny_inv02,research/campaigns/active/yush_orderflow_range/follow_up_attempts/methodology_rerun_20260829t110101_a78ce6cc/v03/config.yaml,,follow_up_attempt/methodology_rerun_20260829t110101_a78ce6cc,planned,TEST,,none
2026-08-29T11:01:07.894593+00:00,yush_orderflow_range,v04,ES,3m,"During balanced ES morning auctions, a retest of a developing value-area edge that overlaps a prior liquidity reference and then attracts fresh one-sided trade activity may reverse toward fair value.","Explicit methodology_rerun from pre_pnl_mechanics_correction_20260828t074924_a156ce04; reviewed reason: Create a governed certification-refresh methodology rerun after the parent attempt failed operationally, preserving the approved v04 mechanics, dataset, parameter grid, performance methodology, and existing ten-session mechanics-validation window while binding the child to the newly recertified implementation.",frozen in follow-up strategy_spec.yaml,es_sierra_yush_events_20110815_20260529_full_rth_ny_inv02,research/campaigns/active/yush_orderflow_range/follow_up_attempts/methodology_rerun_20260829t110101_a78ce6cc/v04/config.yaml,,follow_up_attempt/methodology_rerun_20260829t110101_a78ce6cc,planned,TEST,,none
2026-08-29T13:02:46.677449+00:00,yush_orderflow_range,v04,ES,3m,yush_adaptive_orderflow_range_v4,entry=yush_adaptive_orderflow_range_v4; stop=event_fill_time_sweep_to_entry_extreme_stop; target=event_frozen_midpoint_two_ticks_outside_opposite_value_area_scale_out,"{""event.params.maximum_stop_atr_multiple"": [1.25, 1.5, 1.75], ""event.params.sweep_atr_fraction"": [0.2, 0.25, 0.3]}",{},research/campaigns/active/yush_orderflow_range/follow_up_attempts/methodology_rerun_20260829t110101_a78ce6cc/v04/config.yaml,research/evidence/runs/yush_orderflow_range/v04/ES/attempt_methodology_rerun_20260829t110101_a78ce6cc/studio_incomplete_attempt.json,incomplete_studio_attempt,NEEDS MANUAL REVIEW,MANUAL_REVIEW_REQUIRED,"RuntimeError: declared campaign runner exited 1: Traceback (most recent call last):
  File ""<frozen runpy>"", line 198, in _run_module_as_main
  File ""<frozen runpy>"", line 88, in _run_code
  File ""/Users/yx/Desktop/fastlane/alphaquest-research-engine/src/alphaquest/run_campaign_stages.py"", line 93, in <module>
    main()
  File ""/Users/yx/Desktop/fastlane/alphaquest-research-engine/src/alphaquest/run_campaign_stages.py"", line 65, in main
    summary = run_campaign_stage_tests(
              ^^^^^^^^^^^^^^^^^^^^^^^^^
  File ""/Users/yx/Desktop/fastlane/alphaquest-research-engine/src/alphaquest/research/campaign_stages.py"", line 759, in run_campaign_stage_tests
    require_prior_variant_approvals(cfg, config_path)
  File ""/Users/yx/Desktop/fastlane/alphaquest-research-engine/src/alphaquest/validation/promotion_gate.py"", line 470, in require_prior_variant_approvals
    raise ValueError(
ValueError: Campaign sequencing gate failed; prior variants require completed mechanics approval:
- v01: BLOCKED
- v02: BLOCKED",methodology_rerun
2026-08-30T02:40:08.856305+00:00,yush_orderflow_range,v04,ES,3m,yush_adaptive_orderflow_range_v4,entry=yush_adaptive_orderflow_range_v4; stop=event_fill_time_sweep_to_entry_extreme_stop; target=event_frozen_midpoint_two_ticks_outside_opposite_value_area_scale_out,"{""event.params.maximum_stop_atr_multiple"": [1.25, 1.5, 1.75], ""event.params.sweep_atr_fraction"": [0.2, 0.25, 0.3]}",{},research/campaigns/active/yush_orderflow_range/follow_up_attempts/methodology_rerun_20260829t110101_a78ce6cc/v04/config.yaml,research/evidence/runs/yush_orderflow_range/v04/ES/attempt_methodology_rerun_20260829t110101_a78ce6cc/reporting_v2/result_bundle_v2.json,full_staged_methodology,FAIL,REJECT,actual 0.1111111111111111 did not meet required >= 0.7,methodology_rerun
