run_id,sl.params.stop_pct,tp.params.target_r_multiple,total_trades,trades_per_year,net_profit,profit_factor,expectancy_r,max_drawdown,max_drawdown_pct,cagr,mar,win_rate,apex_rule_violations,apex_forced_flatten_trades,profitable,worst_day,best_day_concentration,consecutive_losses,benchmark_passed,failure_reason
1,0.0015,1.0,80,52.842510310598946,-3187.5,0.460431654676259,-0.3459077380952381,3282.5,0.021883333333333334,-0.014087405056524616,-0.643750421471041,0.3875,0,0,False,-130.0,0.0,5,False,min_total_net_profit
2,0.0015,1.5,80,52.84237758549235,-2712.5,0.5696152320507735,-0.2887896825396825,2878.75,0.019189747691897477,-0.011981540700299664,-0.6243719767800101,0.3375,0,0,False,-130.0,0.0,5,False,min_total_net_profit
3,0.0015,2.0,80,52.842311223189085,-1925.0,0.7003891050583657,-0.19521329365079362,2260.0,0.015053870876421708,-0.008495358785486906,-0.5643305203841529,0.3125,0,0,False,-130.0,0.0,7,False,min_total_net_profit
4,0.0025,1.0,80,52.84237758549235,-3087.5,0.6030215364834458,-0.2100869963369963,3257.5,0.021716666666666665,-0.013643845478447103,-0.6282661003122227,0.4,0,0,False,-205.0,0.0,5,False,min_total_net_profit
5,0.0025,1.5,80,52.841713969960324,-2968.75,0.6513505578391074,-0.20383699633699628,3687.5,0.024556321379815536,-0.01311712964053835,-0.5341650908397129,0.3375,0,0,False,-205.0,0.0,7,False,min_total_net_profit
6,0.0025,2.0,80,52.83819708589246,-1987.5,0.7665883734586024,-0.13062271062271055,3150.0,0.02095773523394488,-0.008771128442460419,-0.4185150897533038,0.3375,0,0,False,-205.0,0.0,7,False,min_total_net_profit
7,0.004,1.0,80,52.841713969960324,-5162.5,0.5372030479605558,-0.23256842699634456,5460.0,0.036393327889886855,-0.022867831193842503,-0.6283522975154223,0.3625,0,0,False,-305.0,0.0,7,False,min_total_net_profit
8,0.004,1.5,80,52.827450266480014,-4562.5,0.593902981753449,-0.20198071760428737,4685.0,0.03123333333333333,-0.020190625292632047,-0.6464447799135128,0.35,0,0,False,-305.0,0.0,7,False,min_total_net_profit
9,0.004,2.0,80,52.827450266480014,-4150.0,0.6306186025812194,-0.1803898085133783,4347.5,0.028983333333333333,-0.018356412031119596,-0.633343715852315,0.35,0,0,False,-305.0,0.0,7,False,min_total_net_profit
