run_id,sl.params.stop_pct,tp.params.target_r_multiple,total_trades,trades_per_year,net_profit,profit_factor,expectancy_r,max_drawdown,max_drawdown_pct,cagr,mar,win_rate,apex_rule_violations,apex_forced_flatten_trades,profitable,worst_day,best_day_concentration,consecutive_losses,benchmark_passed,failure_reason
1,0.00075,0.5,80,52.84304121769271,-2275.0,0.15818686401480112,-0.44437500000000013,2282.5,0.015215905871373099,-0.010044125382441482,-0.6601069609229312,0.525,0,0,False,-80.0,0.0,5,False,min_total_net_profit
2,0.00075,0.75,80,52.84304121769271,-2087.5,0.3035863219349458,-0.40062500000000006,2107.5,0.014048126916411146,-0.00921433688541129,-0.6559121326450305,0.475,0,0,False,-80.0,0.0,7,False,min_total_net_profit
3,0.00075,1.0,80,52.84304121769271,-2237.5,0.3495639534883721,-0.43187499999999995,2237.5,0.014916666666666667,-0.009878139094354421,-0.6622216152639836,0.4,0,0,False,-80.0,0.0,7,False,min_total_net_profit
4,0.001,0.5,80,52.84058586180784,-2268.75,0.274,-0.32958333333333334,2328.75,0.015522930275963204,-0.010015996930941462,-0.6452388017519434,0.5625,0,0,False,-92.5,0.0,7,False,min_total_net_profit
5,0.001,0.75,80,52.84051950400478,-3153.125,0.27137492778740613,-0.47333333333333344,3191.875,0.021279166666666665,-0.013934410272406161,-0.6548381565258428,0.4,0,0,False,-92.5,0.0,8,False,min_total_net_profit
6,0.001,1.0,80,52.84051950400478,-3175.0,0.3241085683874401,-0.47333333333333344,3232.5,0.02155,-0.014031433837942031,-0.6511106189300246,0.35,0,0,False,-92.5,0.0,8,False,min_total_net_profit
7,0.00125,0.5,80,52.84051950400478,-3018.75,0.2582923832923833,-0.3761904761904762,3083.75,0.020558333333333335,-0.013338515977927234,-0.6488130998586413,0.5125,0,0,False,-117.5,0.0,5,False,min_total_net_profit
8,0.00125,0.75,80,52.84051950400478,-3512.5,0.2996011964107677,-0.44494047619047616,3627.5,0.024183333333333334,-0.015528991407994797,-0.6421361023292128,0.4,0,0,False,-117.5,0.0,7,False,min_total_net_profit
9,0.00125,1.0,80,52.84051950400478,-3650.0,0.3381686310063463,-0.4699404761904762,3837.5,0.025583333333333333,-0.016139443202176085,-0.6308577147430392,0.3375,0,0,False,-117.5,0.0,11,False,min_total_net_profit;max_consecutive_losses
