run_id,sl.params.stop_pct,tp.params.target_r_multiple,total_trades,trades_per_year,net_profit,profit_factor,expectancy_r,max_drawdown,max_drawdown_pct,cagr,mar,win_rate,apex_rule_violations,apex_forced_flatten_trades,profitable,worst_day,best_day_concentration,consecutive_losses,benchmark_passed,failure_reason
1,0.0015,1.0,80,52.841846691733295,-1287.5,0.720108695652174,-0.10476190476190476,1772.5,0.011808597458403425,-0.00567778161979815,-0.48081761104978943,0.5,0,0,False,-130.0,0.0,7,False,min_total_net_profit
2,0.0015,1.5,80,52.841846691733295,-2681.25,0.5440051020408163,-0.2839285714285714,3030.0,0.020197307025729902,-0.011842961917500117,-0.586363414806392,0.3625,0,0,False,-130.0,0.0,9,False,min_total_net_profit;max_consecutive_losses
3,0.0015,2.0,80,52.841846691733295,-2400.0,0.598158225198828,-0.24608134920634925,2787.5,0.018562914127792762,-0.01059727805901678,-0.5708843981102258,0.35,0,0,False,-130.0,0.0,9,False,min_total_net_profit;max_consecutive_losses
4,0.0025,1.0,80,52.8412494490052,-3612.5,0.519774011299435,-0.24503891941391936,3842.5,0.025613251566457804,-0.015973155926431448,-0.6236285887009099,0.4125,0,0,False,-205.0,0.0,7,False,min_total_net_profit
5,0.0025,1.5,80,52.8412494490052,-3456.25,0.5566067992302758,-0.2330196886446886,3567.5,0.02378016264498067,-0.015279526650792352,-0.6425324703999632,0.3875,0,0,False,-205.0,0.0,7,False,min_total_net_profit
6,0.0025,2.0,80,52.8412494490052,-3125.0,0.5991019884541373,-0.20884386446886444,3380.0,0.022530329289428077,-0.013809862342771484,-0.6129454285983958,0.3875,0,0,False,-205.0,0.0,7,False,min_total_net_profit
7,0.004,1.0,80,52.83541045361795,-2600.0,0.6742875039148136,-0.10952099245148443,2867.5,0.019114118117584324,-0.011481624236971744,-0.6006881492695731,0.45,0,0,False,-292.5,0.0,6,False,min_total_net_profit
8,0.004,1.5,80,52.83541045361795,-2581.25,0.6766363921077356,-0.10841439071988268,3017.5,0.020113984802026398,-0.011398579090547645,-0.5666991997229354,0.45,0,0,False,-292.5,0.0,6,False,min_total_net_profit
9,0.004,2.0,80,52.83541045361795,-2962.5,0.6288756655183213,-0.12508105738654937,3392.5,0.02261365151313158,-0.013087869529483376,-0.5787596718682672,0.45,0,0,False,-292.5,0.0,6,False,min_total_net_profit
