{
  "parameter_value_counts": {
    "sl.params.stop_pct": 4,
    "tp.params.target_r_multiple": 3
  },
  "expected_combinations": 12,
  "total_combinations_tested": 12,
  "number_passing_benchmark": 0,
  "percentage_passing_benchmark": 0.0,
  "profitable_iterations": 7,
  "percentage_profitable_iterations": 0.5833333333333334,
  "apex_rule_violating_iterations": 0,
  "profitable_iteration_threshold": 0.7,
  "meets_profitable_iteration_threshold": false,
  "top_10_combinations": [
    {
      "run_id": 12,
      "sl.params.stop_pct": 0.005,
      "tp.params.target_r_multiple": 1.75,
      "total_trades": 17,
      "trades_per_year": 11.982230322360179,
      "net_profit": 2208.75,
      "profit_factor": 2.2004076086956523,
      "expectancy_r": 0.40952632334985273,
      "max_drawdown": 1332.5,
      "max_drawdown_pct": 0.008754172808685191,
      "cagr": 0.010356313757367896,
      "mar": 1.1830145444573803,
      "win_rate": 0.5294117647058824,
      "apex_rule_violations": 0,
      "apex_forced_flatten_trades": 0,
      "profitable": true,
      "worst_day": -355.0,
      "best_day_concentration": 0.2693831352574986,
      "consecutive_losses": 4,
      "benchmark_passed": false,
      "failure_reason": "preferred_min_total_trades"
    },
    {
      "run_id": 11,
      "sl.params.stop_pct": 0.005,
      "tp.params.target_r_multiple": 1.25,
      "total_trades": 17,
      "trades_per_year": 11.985490850013136,
      "net_profit": 1380.625,
      "profit_factor": 1.7503396739130435,
      "expectancy_r": 0.2575655390361272,
      "max_drawdown": 1332.5,
      "max_drawdown_pct": 0.008800062739659307,
      "cagr": 0.006480429096814788,
      "mar": 0.7364071471455983,
      "win_rate": 0.5294117647058824,
      "apex_rule_violations": 0,
      "apex_forced_flatten_trades": 0,
      "profitable": true,
      "worst_day": -355.0,
      "best_day_concentration": 0.3042100497962879,
      "consecutive_losses": 4,
      "benchmark_passed": false,
      "failure_reason": "preferred_min_total_trades"
    },
    {
      "run_id": 9,
      "sl.params.stop_pct": 0.003,
      "tp.params.target_r_multiple": 1.75,
      "total_trades": 17,
      "trades_per_year": 11.985490850013136,
      "net_profit": 711.875,
      "profit_factor": 1.4108946608946609,
      "expectancy_r": 0.21503748558246832,
      "max_drawdown": 832.5,
      "max_drawdown_pct": 0.005534641370197701,
      "cagr": 0.0033436123433567833,
      "mar": 0.604124480650378,
      "win_rate": 0.47058823529411764,
      "apex_rule_violations": 0,
      "apex_forced_flatten_trades": 0,
      "profitable": true,
      "worst_day": -217.5,
      "best_day_concentration": 0.4978050921861282,
      "consecutive_losses": 4,
      "benchmark_passed": false,
      "failure_reason": "preferred_min_total_trades;max_best_day_concentration"
    },
    {
      "run_id": 10,
      "sl.params.stop_pct": 0.005,
      "tp.params.target_r_multiple": 0.75,
      "total_trades": 17,
      "trades_per_year": 11.985490850013136,
      "net_profit": 621.25,
      "profit_factor": 1.4114238410596027,
      "expectancy_r": 0.12521259785965663,
      "max_drawdown": 785.625,
      "max_drawdown_pct": 0.0052157459927552165,
      "cagr": 0.002918214127800356,
      "mar": 0.5595008138536306,
      "win_rate": 0.5882352941176471,
      "apex_rule_violations": 0,
      "apex_forced_flatten_trades": 0,
      "profitable": true,
      "worst_day": -355.0,
      "best_day_concentration": 0.39436619718309857,
      "consecutive_losses": 2,
      "benchmark_passed": false,
      "failure_reason": "preferred_min_total_trades"
    },
    {
      "run_id": 4,
      "sl.params.stop_pct": 0.002,
      "tp.params.target_r_multiple": 0.75,
      "total_trades": 17,
      "trades_per_year": 11.985924649959449,
      "net_profit": 246.25,
      "profit_factor": 1.3229508196721311,
      "expectancy_r": 0.142602495543672,
      "max_drawdown": 465.0,
      "max_drawdown_pct": 0.0030982314262275284,
      "cagr": 0.0011571842670841104,
      "mar": 0.3734983311085713,
      "win_rate": 0.7058823529411765,
      "apex_rule_violations": 0,
      "apex_forced_flatten_trades": 0,
      "profitable": true,
      "worst_day": -155.0,
      "best_day_concentration": 0.38578680203045684,
      "consecutive_losses": 3,
      "benchmark_passed": false,
      "failure_reason": "min_mar;preferred_min_total_trades"
    },
    {
      "run_id": 7,
      "sl.params.stop_pct": 0.003,
      "tp.params.target_r_multiple": 0.75,
      "total_trades": 17,
      "trades_per_year": 11.985619380056944,
      "net_profit": 174.375,
      "profit_factor": 1.1349129593810445,
      "expectancy_r": 0.0697087658592849,
      "max_drawdown": 737.5,
      "max_drawdown_pct": 0.004912327444091053,
      "cagr": 0.0008194644058681089,
      "mar": 0.16681795242575437,
      "win_rate": 0.6470588235294118,
      "apex_rule_violations": 0,
      "apex_forced_flatten_trades": 0,
      "profitable": true,
      "worst_day": -217.5,
      "best_day_concentration": 0.8136200716845878,
      "consecutive_losses": 3,
      "benchmark_passed": false,
      "failure_reason": "min_profit_factor;min_mar;preferred_min_total_trades;max_best_day_concentration"
    },
    {
      "run_id": 8,
      "sl.params.stop_pct": 0.003,
      "tp.params.target_r_multiple": 1.25,
      "total_trades": 17,
      "trades_per_year": 11.985490850013136,
      "net_profit": 5.625,
      "profit_factor": 1.0032467532467533,
      "expectancy_r": 0.00915513264129183,
      "max_drawdown": 1036.25,
      "max_drawdown_pct": 0.0068976419882515435,
      "cagr": 2.643843653560296e-05,
      "mar": 0.0038329673503835673,
      "win_rate": 0.47058823529411764,
      "apex_rule_violations": 0,
      "apex_forced_flatten_trades": 0,
      "profitable": true,
      "worst_day": -217.5,
      "best_day_concentration": 44.111111111111114,
      "consecutive_losses": 4,
      "benchmark_passed": false,
      "failure_reason": "min_profit_factor;min_expectancy_r;min_mar;preferred_min_total_trades;max_best_day_concentration"
    },
    {
      "run_id": 5,
      "sl.params.stop_pct": 0.002,
      "tp.params.target_r_multiple": 1.25,
      "total_trades": 17,
      "trades_per_year": 11.985619380056944,
      "net_profit": -122.5,
      "profit_factor": 0.9097605893186004,
      "expectancy_r": -0.0338680926916221,
      "max_drawdown": 925.625,
      "max_drawdown_pct": 0.006164489046689449,
      "cagr": -0.0005758491278938793,
      "mar": -0.09341392669083108,
      "win_rate": 0.47058823529411764,
      "apex_rule_violations": 0,
      "apex_forced_flatten_trades": 0,
      "profitable": false,
      "worst_day": -155.0,
      "best_day_concentration": 0.0,
      "consecutive_losses": 3,
      "benchmark_passed": false,
      "failure_reason": "min_total_net_profit;min_profit_factor;min_expectancy_r;min_cagr;min_mar;preferred_min_total_trades"
    },
    {
      "run_id": 2,
      "sl.params.stop_pct": 0.001,
      "tp.params.target_r_multiple": 1.25,
      "total_trades": 17,
      "trades_per_year": 11.987917319715066,
      "net_profit": -722.5,
      "profit_factor": 0.32634032634032634,
      "expectancy_r": -0.5147058823529411,
      "max_drawdown": 766.25,
      "max_drawdown_pct": 0.005108333333333334,
      "cagr": -0.0033989933239644277,
      "mar": -0.665382053630883,
      "win_rate": 0.29411764705882354,
      "apex_rule_violations": 0,
      "apex_forced_flatten_trades": 0,
      "profitable": false,
      "worst_day": -92.5,
      "best_day_concentration": 0.0,
      "consecutive_losses": 6,
      "benchmark_passed": false,
      "failure_reason": "min_total_net_profit;min_profit_factor;min_expectancy_r;min_cagr;min_mar;min_win_rate;preferred_min_total_trades;min_positive_month_rate"
    },
    {
      "run_id": 1,
      "sl.params.stop_pct": 0.001,
      "tp.params.target_r_multiple": 0.75,
      "total_trades": 17,
      "trades_per_year": 11.987917319715066,
      "net_profit": -766.25,