run_id,sl.params.stop_pct,tp.params.target_r_multiple,signals_generated,entries_opened,trades_closed,entry_rejections_total,reject_missing_stop,reject_target_already_reached,reject_position_sizing,reject_daily_risk_lockout,reject_apex_latest_entry_time,reject_event_no_trade_window,total_trades,trades_per_year,net_profit,profit_factor,expectancy_r,max_drawdown,max_drawdown_pct,cagr,mar,win_rate,apex_rule_violations,apex_forced_flatten_trades,profitable,worst_day,best_day_concentration,consecutive_losses,benchmark_passed,failure_reason
1,0.00075,1.0,11,11,11,0,0,0,0,0,0,0,11,8.696323998027921,-580.0,0.11787072243346007,-0.8636363636363636,580.0,0.0038666666666666667,-0.0030581292807595473,-0.7908955036447105,0.18181818181818182,0,0,False,-80.0,0.0,3,False,min_total_net_profit
2,0.001,1.0,11,11,11,0,0,0,0,0,0,0,11,8.696036434143481,-492.5,0.23046875,-0.5424242424242425,492.5,0.0032833333333333334,-0.0025965288078216853,-0.79082095669696,0.2727272727272727,0,0,False,-92.5,0.0,3,False,min_total_net_profit
3,0.0015,1.0,11,11,11,0,0,0,0,0,0,0,11,8.696036434143481,-367.5,0.41434262948207173,-0.2857142857142857,367.5,0.00245,-0.0019373419212461718,-0.7907518045902742,0.2727272727272727,0,0,False,-117.5,0.0,3,False,min_total_net_profit
4,0.002,1.0,11,11,11,0,0,0,0,0,0,0,11,8.696036434143481,-455.0,0.34057971014492755,-0.2666666666666667,455.0,0.003033333333333333,-0.002398760625393903,-0.7908002061738143,0.2727272727272727,0,0,False,-142.5,0.0,3,False,min_total_net_profit
