variant_id,declared_entry_rows,passing_entry_rows,min_full_signals_per_year,min_limited_signals_per_year,min_latest_252_signals,variant_pass_density
high_1d_emv_rebound_long_1200,3,3,65.09834775767112,50.966292134831455,53,True
high_21d_emv_rebound_long_1330,3,3,98.34146341463415,76.44943820224718,50,True
high_21d_emv_riskoff_short_1000,3,3,98.34146341463415,76.44943820224718,50,True
high_7d_emv_short_1130,3,3,89.0228166797797,72.20224719101122,56,True
rising_5d_emv_short_1030,3,3,67.74193548387096,65.12359550561797,66,True
