variant_id,signals,signals_per_year
level_median_contrarian_1000,806,52.20633090973577
level_rank_contrarian_1030,806,52.20633090973577
weekly_change_contrarian_1130,806,52.20633090973577
zscore_sign_contrarian_1200,806,52.20633090973577
ma_distance_contrarian_1400,806,52.20633090973577
