variant_id,entry_rows,pass_rows,min_full_signals_per_year,median_full_signals_per_year,max_full_signals_per_year,min_limited_signals_per_year,median_limited_signals_per_year,max_limited_signals_per_year,min_latest_252_signals,median_latest_252_signals,max_latest_252_signals,verdict
prior_close_midday_large10_reclaim_reversion_1400,9,9,79.21630608263877,81.28901400957616,84.0742152863983,70.71447602131438,75.90452930728242,77.20204262877442,72,72.0,73,PASS
prior_close_morning_signed_reclaim_reversion_1130,9,9,108.68762191877993,114.38756871785777,117.62617485369746,103.80106571936057,106.39609236234458,111.58614564831261,89,97.0,99,PASS
prior_open_close_afternoon_signed_reclaim_reversion_1530,9,9,92.49459123958148,95.73319737542117,98.5183986522433,88.87966252220248,92.1234458259325,96.66474245115452,77,85.0,86,PASS
prior_open_midday_large20_reclaim_reversion_1400,9,0,47.348421705976236,48.902952651179284,49.93930661464798,57.09058614564831,61.631882770870334,64.22690941385434,51,52.0,52,FAIL
prior_open_morning_signed_reclaim_reversion_1130,9,9,66.52097003014718,71.37887923390672,73.77544777442809,62.929396092362346,67.47069271758437,72.01198934280639,67,82.0,85,PASS
