scope,session_count,events_per_year
all_coupon,1322,85.79610874200426
note_only,1034,67.10527718550107
bond_only,293,19.015325159914713
