variant_id,entry_rows,pass_rows,min_full_signals_per_year,median_full_signals_per_year,max_full_signals_per_year,min_limited_signals_per_year,median_limited_signals_per_year,max_limited_signals_per_year,min_latest_252_signals,median_latest_252_signals,max_latest_252_signals,verdict
fifteen_min_long_uptrend_pullback_1545,6,6,83.81512679553111,110.27453892534137,129.15561269728676,77.20204262877442,102.17917406749555,118.72246891651865,90,113.0,135,PASS
fifteen_min_short_downtrend_bounce_1545,6,6,63.02327540344032,76.30156056038305,88.02531477212271,65.52442273534636,80.77020426287744,90.17717584369449,51,65.0,76,PASS
five_min_long_vwap_extreme_1430,9,9,69.04708281610215,100.13770172016315,115.1000620677425,53.19804618117229,79.79706927175843,98.61101243339253,82,108.0,129,PASS
five_min_short_vwap_extreme_1430,9,9,56.15743039546019,80.83560915055861,93.85480581663415,52.549289520426285,78.49955595026643,99.90852575488455,58,82.0,90,PASS
thirty_min_two_sided_trend_reversion_1530,9,9,52.076786664302176,99.94338535201277,135.63282496896613,52.549289520426285,97.31349911190053,133.64387211367674,51,93.0,129,PASS
