run_id,sl.params.stop_pct,tp.params.target_r_multiple,total_trades,trades_per_year,net_profit,profit_factor,expectancy_r,max_drawdown,max_drawdown_pct,cagr,mar,win_rate,apex_rule_violations,apex_forced_flatten_trades,profitable,worst_day,best_day_concentration,consecutive_losses,benchmark_passed,failure_reason
1,0.00075,0.5,80,52.84290848991915,-2731.25,0.11966156325543917,-0.536875,2731.25,0.018208333333333333,-0.012064742269072948,-0.6625945410932511,0.4625,0,0,False,-80.0,0.0,5,False,min_total_net_profit
2,0.00075,0.75,80,52.84290848991915,-2593.75,0.23375184638109306,-0.50875,2593.75,0.017291666666666667,-0.011455558241215469,-0.6624901151546295,0.4125,0,0,False,-80.0,0.0,5,False,min_total_net_profit
3,0.00075,1.0,80,52.84290848991915,-2487.5,0.31141868512110726,-0.480625,2487.5,0.016583333333333332,-0.010984957239832727,-0.6624094817989584,0.375,0,0,False,-80.0,0.0,6,False,min_total_net_profit
4,0.001,0.5,80,52.84191305286979,-1900.0,0.3226381461675579,-0.255,1940.0,0.012929885363902958,-0.008384727123255331,-0.6484765245222834,0.6125,0,0,False,-92.5,0.0,4,False,min_total_net_profit
5,0.001,0.75,80,52.84191305286979,-2265.625,0.38642518618821936,-0.32062500000000005,2343.125,0.015612766737185787,-0.010002414991548525,-0.6406561476208584,0.4875,0,0,False,-92.5,0.0,5,False,min_total_net_profit
6,0.001,1.0,80,52.84191305286979,-1962.5,0.5025348542458808,-0.27375000000000005,2077.5,0.01383938980115245,-0.00866115881081675,-0.6258338651676324,0.45,0,0,False,-92.5,0.0,8,False,min_total_net_profit
7,0.00125,0.5,80,52.841846691733295,-1900.0,0.4015748031496063,-0.2069196428571428,1952.5,0.013012112427317106,-0.008384716637625078,-0.644377819855179,0.625,0,0,False,-117.5,0.0,4,False,min_total_net_profit
8,0.00125,0.75,80,52.841846691733295,-1884.375,0.5140232108317214,-0.21138392857142857,1980.625,0.01319569942620152,-0.008315614990100917,-0.6301761446300712,0.525,0,0,False,-117.5,0.0,8,False,min_total_net_profit
9,0.00125,1.0,80,52.841846691733295,-1525.0,0.6351674641148325,-0.1622767857142857,1847.5,0.012309281098007862,-0.006726959387795883,-0.5464949036613175,0.4875,0,0,False,-117.5,0.0,8,False,min_total_net_profit
