run_id,sl.params.stop_pct,tp.params.target_r_multiple,total_trades,trades_per_year,net_profit,profit_factor,expectancy_r,max_drawdown,max_drawdown_pct,cagr,mar,win_rate,apex_rule_violations,apex_forced_flatten_trades,profitable,worst_day,best_day_concentration,consecutive_losses,benchmark_passed,failure_reason
1,0.00075,0.5,80,52.84304121769271,-3500.0,0.07223326706428099,-0.7056250000000001,3513.75,0.023425,-0.015474238139167262,-0.660586473390278,0.35,0,0,False,-80.0,0.0,8,False,min_total_net_profit
2,0.00075,0.75,80,52.84304121769271,-3425.0,0.14375,-0.6837500000000001,3454.375,0.023029166666666667,-0.015141340427076044,-0.6574853813096165,0.3125,0,0,False,-80.0,0.0,12,False,min_total_net_profit;max_consecutive_losses
3,0.00075,1.0,80,52.84304121769271,-3087.5,0.228125,-0.6056250000000001,3132.5,0.020883333333333334,-0.013644015653274777,-0.6533447240195424,0.3125,0,0,False,-80.0,0.0,12,False,min_total_net_profit;max_consecutive_losses
4,0.001,0.5,80,52.84304121769271,-2912.5,0.20314637482900136,-0.44250000000000006,2932.5,0.01955,-0.012868084780045419,-0.65821405524529,0.4875,0,0,False,-92.5,0.0,5,False,min_total_net_profit
5,0.001,0.75,80,52.84304121769271,-2571.875,0.3439094387755102,-0.38625,2610.625,0.017404166666666665,-0.011358688756524904,-0.6526419204132098,0.45,0,0,False,-92.5,0.0,6,False,min_total_net_profit
6,0.001,1.0,80,52.84304121769271,-2062.5,0.48598130841121495,-0.29875,2142.5,0.014281191154660134,-0.009103725405295582,-0.637462611255989,0.4375,0,0,False,-92.5,0.0,6,False,min_total_net_profit
7,0.00125,0.5,80,52.84304121769271,-2687.5,0.2946194225721785,-0.33891369047619047,2720.0,0.018133333333333335,-0.011870919691175263,-0.6546463064986358,0.5375,0,0,False,-105.0,0.0,5,False,min_total_net_profit
8,0.00125,0.75,80,52.84304121769271,-2209.375,0.4643939393939394,-0.27016369047619043,2266.875,0.0151125,-0.00975365876240386,-0.6454033920531919,0.5,0,0,False,-105.0,0.0,5,False,min_total_net_profit
9,0.00125,1.0,80,52.84304121769271,-1687.5,0.610726643598616,-0.19516369047619042,1805.0,0.012030526210550872,-0.00744531381622715,-0.6188685088186374,0.475,0,0,False,-105.0,0.0,5,False,min_total_net_profit
