run_id,sl.params.stop_pct,tp.params.target_r_multiple,total_trades,trades_per_year,net_profit,profit_factor,expectancy_r,max_drawdown,max_drawdown_pct,cagr,mar,win_rate,apex_rule_violations,apex_forced_flatten_trades,profitable,worst_day,best_day_concentration,consecutive_losses,benchmark_passed,failure_reason
1,0.0015,1.0,80,52.84051950400478,-3375.0,0.4363256784968685,-0.36713789682539677,3650.0,0.024333333333333332,-0.014918734112134402,-0.6130986621425097,0.375,0,0,False,-130.0,0.0,9,False,min_total_net_profit;max_consecutive_losses
2,0.0015,1.5,80,52.84038678889866,-2962.5,0.543000385653683,-0.31505456349206346,3265.0,0.021766666666666667,-0.013089094115618538,-0.6013366362458746,0.325,0,0,False,-130.0,0.0,9,False,min_total_net_profit;max_consecutive_losses
3,0.0015,2.0,80,52.84038678889866,-2725.0,0.5968934911242604,-0.28397817460317454,3140.0,0.020933333333333335,-0.012036476952941855,-0.5749909372424452,0.2875,0,0,False,-130.0,0.0,9,False,min_total_net_profit;max_consecutive_losses
4,0.0025,1.0,80,52.84038678889866,-2537.5,0.6704545454545454,-0.15382326007326003,3437.5,0.02283142933049947,-0.011205870426246434,-0.49080897494564746,0.4375,0,0,False,-192.5,0.0,6,False,min_total_net_profit
5,0.0025,1.5,80,52.84025407445919,-2981.25,0.6616061293984109,-0.18900183150183145,3642.5,0.024228415591326328,-0.013172187180072958,-0.5436668828145967,0.35,0,0,False,-192.5,0.0,7,False,min_total_net_profit
6,0.0025,2.0,80,52.83633929838352,-3187.5,0.6590909090909091,-0.20603479853479847,4127.5,0.027427071566217025,-0.014085771553691284,-0.5135718379442765,0.3125,0,0,False,-192.5,0.0,7,False,min_total_net_profit
7,0.004,1.0,80,52.84025407445919,-3550.0,0.6603683329347046,-0.14388583241701092,4505.0,0.02990821729099932,-0.015695380741820752,-0.5247848973781588,0.4,0,0,False,-305.0,0.0,7,False,min_total_net_profit
8,0.004,1.5,80,52.82546059445718,-4531.25,0.6052058375081681,-0.18859103663308469,5673.75,0.037573881227132004,-0.020050860342242682,-0.53363825315347,0.3375,0,0,False,-305.0,0.0,7,False,min_total_net_profit
9,0.004,2.0,80,52.82546059445718,-5400.0,0.5352839931153184,-0.22677285481490284,5767.5,0.03839177247840775,-0.02391918941955007,-0.6230290469918436,0.325,0,0,False,-305.0,0.0,7,False,min_total_net_profit
