run_id,sl.params.stop_pct,tp.params.target_r_multiple,total_trades,trades_per_year,net_profit,profit_factor,expectancy_r,max_drawdown,max_drawdown_pct,cagr,mar,win_rate,apex_rule_violations,apex_forced_flatten_trades,profitable,worst_day,best_day_concentration,consecutive_losses,benchmark_passed,failure_reason
1,0.0015,1.0,80,52.84277576281233,-2687.5,0.5205173951828724,-0.2709077380952381,2687.5,0.017916666666666668,-0.011870860413447204,-0.6625596509830998,0.425,0,0,False,-130.0,0.0,7,False,min_total_net_profit
2,0.0015,1.5,80,52.84277576281233,-3025.0,0.5404481579946828,-0.308407738095238,3025.0,0.020166666666666666,-0.013366794787841196,-0.6628162704714643,0.325,0,0,False,-130.0,0.0,7,False,min_total_net_profit
3,0.0015,2.0,80,52.84277576281233,-3562.5,0.5128205128205128,-0.370907738095238,3575.0,0.02383134738771769,-0.015751618593118133,-0.6609621494266109,0.25,0,0,False,-130.0,0.0,8,False,min_total_net_profit
4,0.0025,1.0,80,52.84131580864162,-2612.5,0.6732332707942464,-0.17108516483516473,3015.0,0.02004620933827563,-0.011538271669256472,-0.5755837163301315,0.45,0,0,False,-205.0,0.0,5,False,min_total_net_profit
5,0.0025,1.5,80,52.84131580864162,-2993.75,0.6801549145299145,-0.19876373626373617,3850.0,0.025524791367979645,-0.013227870348654691,-0.5182361790133493,0.35,0,0,False,-205.0,0.0,8,False,min_total_net_profit
6,0.0025,2.0,80,52.84131580864162,-2525.0,0.7361546499477534,-0.16593406593406584,3037.5,0.020214288091039163,-0.01115070435716714,-0.5516248856723359,0.325,0,0,False,-205.0,0.0,8,False,min_total_net_profit
7,0.004,1.0,80,52.84098401212622,-3737.5,0.6671120017813404,-0.161301142761383,4490.0,0.029783917347971013,-0.01652815799180951,-0.5549356654031766,0.4,0,0,False,-305.0,0.0,8,False,min_total_net_profit
8,0.004,1.5,80,52.84098401212622,-3812.5,0.6770436255823803,-0.16543957679112137,4240.0,0.02818633561017766,-0.016861284290074274,-0.5982077458832896,0.3625,0,0,False,-305.0,0.0,8,False,min_total_net_profit
9,0.004,2.0,80,52.84098401212622,-3625.0,0.6929267259635747,-0.1539406590422036,3777.5,0.0251577562811142,-0.01602857725579765,-0.6371226860095716,0.3625,0,0,False,-305.0,0.0,8,False,min_total_net_profit
