run_id,sl.params.stop_pct,tp.params.target_r_multiple,total_trades,trades_per_year,net_profit,profit_factor,expectancy_r,max_drawdown,max_drawdown_pct,cagr,mar,win_rate,apex_rule_violations,apex_forced_flatten_trades,profitable,worst_day,best_day_concentration,consecutive_losses,benchmark_passed,failure_reason
1,0.0015,1.0,80,52.84304121769271,-2750.0,0.5126273814798405,-0.27073412698412697,2892.5,0.019277228877522118,-0.012147858101035691,-0.630166201699275,0.425,0,0,False,-130.0,0.0,5,False,min_total_net_profit
2,0.0015,1.5,80,52.84304121769271,-2468.75,0.6064168991630131,-0.23462301587301587,2812.5,0.018725968340629527,-0.01090194918355547,-0.5821834676448551,0.35,0,0,False,-130.0,0.0,8,False,min_total_net_profit
3,0.0015,2.0,80,52.84304121769271,-1587.5,0.7532063738826272,-0.12490079365079362,1937.5,0.012904407479561083,-0.007003311223818365,-0.5427069189275607,0.325,0,0,False,-130.0,0.0,8,False,min_total_net_profit
4,0.0025,1.0,80,52.84304121769271,-3362.5,0.599940511600238,-0.22054945054945052,3642.5,0.024265538605022983,-0.014863969835469115,-0.6125547047363813,0.425,0,0,False,-192.5,0.0,5,False,min_total_net_profit
5,0.0025,1.5,80,52.842643036372266,-3831.25,0.6073533179605431,-0.2535851648351648,4147.5,0.027640325885939922,-0.0169451023976267,-0.6130572579915323,0.325,0,0,False,-205.0,0.0,6,False,min_total_net_profit
6,0.0025,2.0,80,52.842643036372266,-4250.0,0.5948522402287894,-0.28620879120879117,4860.0,0.03234555165471456,-0.018806263647161536,-0.5814173104208105,0.275,0,0,False,-205.0,0.0,9,False,min_total_net_profit;max_consecutive_losses
7,0.004,1.0,80,52.842643036372266,-5062.5,0.5834190495782761,-0.21457373258574633,5332.5,0.03555,-0.022422658793979866,-0.630735831054286,0.4,0,0,False,-305.0,0.0,7,False,min_total_net_profit
8,0.004,1.5,80,52.84237758549235,-5512.5,0.5779096477794793,-0.239059663321677,6028.75,0.040164221115571025,-0.024428424959858752,-0.6082135861558695,0.35,0,0,False,-305.0,0.0,7,False,min_total_net_profit
9,0.004,2.0,80,52.838860613092926,-6112.5,0.556663644605621,-0.26717113518314894,6352.5,0.042282348242811504,-0.027104451150112396,-0.6410346699398483,0.3125,0,0,False,-305.0,0.0,7,False,min_total_net_profit
