run_id,sl.params.stop_pct,tp.params.target_r_multiple,total_trades,trades_per_year,net_profit,profit_factor,expectancy_r,max_drawdown,max_drawdown_pct,cagr,mar,win_rate,apex_rule_violations,apex_forced_flatten_trades,profitable,worst_day,best_day_concentration,consecutive_losses,benchmark_passed,failure_reason
1,0.00075,0.5,80,52.84297485372258,-2831.25,0.11036920659858601,-0.55625,2845.0,0.018966666666666666,-0.012507922085952528,-0.6594686512804496,0.45,0,0,False,-80.0,0.0,4,False,min_total_net_profit
2,0.00075,0.75,80,52.84290848991915,-2909.375,0.19463667820069205,-0.575,2938.75,0.019591666666666667,-0.012854199642506225,-0.6561054687795607,0.375,0,0,False,-80.0,0.0,5,False,min_total_net_profit
3,0.00075,1.0,80,52.84277576281233,-2825.0,0.26192031352057477,-0.55625,2825.0,0.018833333333333334,-0.012480174568722635,-0.6626641363923523,0.3375,0,0,False,-80.0,0.0,5,False,min_total_net_profit
4,0.001,0.5,80,52.84297485372258,-2837.5,0.20905923344947736,-0.42375000000000007,2857.5,0.01905,-0.012535623276755503,-0.6580379672837534,0.5,0,0,False,-92.5,0.0,4,False,min_total_net_profit
5,0.001,0.75,80,52.84277576281233,-3031.25,0.2842384887839433,-0.4518750000000001,3031.25,0.02020833333333333,-0.013394508266716398,-0.662821027631327,0.4125,0,0,False,-92.5,0.0,5,False,min_total_net_profit
6,0.001,1.0,80,52.84277576281233,-2587.5,0.4020797227036395,-0.37375,2587.5,0.01725,-0.01142784410346842,-0.6624837161430968,0.4,0,0,False,-92.5,0.0,5,False,min_total_net_profit
7,0.00125,0.5,80,52.84290848991915,-2862.5,0.27347715736040606,-0.35788690476190466,2895.0,0.0193,-0.012646416252508175,-0.6552547281092318,0.525,0,0,False,-117.5,0.0,5,False,min_total_net_profit
8,0.00125,0.75,80,52.84277576281233,-3181.25,0.3344665271966527,-0.4016369047619047,3181.25,0.021208333333333333,-0.014059751835543421,-0.6629352535423224,0.425,0,0,False,-117.5,0.0,5,False,min_total_net_profit
9,0.00125,1.0,80,52.84277576281233,-2925.0,0.4230769230769231,-0.3703869047619047,2925.0,0.0195,-0.01292343351784897,-0.6627401804025113,0.3875,0,0,False,-117.5,0.0,7,False,min_total_net_profit
