{
  "development_20250714_20260228": {
    "apex_forced_flatten_trades": 0,
    "apex_rule_violations": 0,
    "average_trade": -11.082887700534759,
    "best_day": 1220.0,
    "best_day_concentration": 0.0,
    "cagr": -0.06555122881363373,
    "expectancy_r": -0.04878393294168696,
    "mar": -0.9022240700827231,
    "max_consecutive_losses": 6,
    "max_drawdown": 3755.0,
    "max_drawdown_pct": 0.07265515406568955,
    "net_profit": -2072.5,
    "positive_month_rate": 0.375,
    "profit_factor": 0.8092937658155049,
    "total_trades": 187,
    "trades_per_year": 299.4861891472674,
    "win_rate": 0.5401069518716578,
    "worst_day": -490.0
  },
  "locked_holdout_20260301_20260710": {
    "apex_forced_flatten_trades": 0,
    "apex_rule_violations": 0,
    "average_trade": -5.664893617021277,
    "best_day": 547.5,
    "best_day_concentration": 0.0,
    "cagr": -0.029644275677141674,
    "expectancy_r": -0.002531880058475791,
    "mar": -1.0533288879347373,
    "max_consecutive_losses": 5,
    "max_drawdown": 1432.5,
    "max_drawdown_pct": 0.028143418467583496,
    "net_profit": -532.5,
    "positive_month_rate": 0.2,
    "profit_factor": 0.8978906999041227,
    "total_trades": 94,
    "trades_per_year": 264.1887196177,
    "win_rate": 0.5425531914893617,
    "worst_day": -360.0
  }
}
