direction,trades,net_profit,average_trade,win_rate
long,125,2287.5,18.3,0.608
short,156,-4892.5,-31.362179487179485,0.48717948717948717
