year,trades,net_profit,average_trade,win_rate
2025,140,-687.5,-4.910714285714286,0.5642857142857143
2026,141,-1917.5,-13.599290780141844,0.5177304964539007
